115,22,93,66,65,50,121,63,69,53,19,107,106,14,139,73,34,2,100,8,56,136,74,90,1,32,46,98,30,33,39,78,72,3,77,140,10,26,13,57,92,150,82,59,104,131,11,23,70,58,91,126,113,94,21,75,117,5,17,146,27,105,88,97,119,47,128,44,35,31,40,99,138,67,102,101,80,83,41,4,124,110,29,18,112,7,20,45,68,55,38,62,85,89,120,111,108,51,109,25,48,96,43,129,130,37,114,147,144,12,135,42,15,76,9,122,71,118,148,149,137,143,79,64,54,28,87,86,141,116,142,123,61,103,125,95,36,49,84,127,134,6,16,52,133,132,81,24,145,-1,-1,60,,,,,,,,,,,,,,,,,,,,,,,,,,,,,,,,,,
105,120,61,1,52,75,66,34,101,46,67,68,113,24,142,53,59,13,98,38,132,72,36,138,76,73,9,92,56,30,27,106,93,107,136,12,15,19,40,111,124,74,116,150,88,29,95,45,146,83,8,129,90,104,44,37,114,63,41,80,100,102,23,22,91,4,39,3,78,127,139,112,21,94,99,25,70,7,51,58,115,17,5,35,57,65,47,82,50,108,130,110,69,122,43,48,97,128,147,2,109,118,117,14,79,85,135,10,32,11,18,54,143,62,26,42,137,60,96,84,145,77,140,123,28,71,149,141,33,86,89,49,31,126,64,134,119,55,103,131,125,133,121,144,148,6,20,-1,-1,-1,87,-1,81,-1,-1,16,,,,,,,,,,,,,,,,,,,,,,,,,,,,,,
1,36,2,98,102,8,119,16,131,41,38,137,105,69,90,57,46,40,73,78,65,55,25,26,67,82,60,50,95,150,75,15,58,53,18,13,70,72,30,32,62,20,147,107,27,142,112,103,43,37,143,83,99,42,139,76,61,81,89,92,5,128,7,116,111,9,51,120,100,29,12,106,113,66,49,115,35,3,33,23,94,85,47,109,110,123,48,44,28,144,135,31,14,114,108,93,80,10,122,88,4,101,148,22,124,91,54,145,117,96,77,59,133,11,118,84,74,126,121,136,21,146,39,34,138,6,19,134,129,71,132,56,104,79,45,24,-1,68,130,87,140,17,-1,-1,-1,64,-1,-1,-1,-1,149,127,-1,-1,86,-1,125,-1,52,141,-1,-1,97,-1,-1,-1,-1,-1,63,,,,,,,,,,,,,,,,,
81,78,143,41,87,80,109,103,123,18,126,89,23,84,138,34,28,108,104,131,27,133,144,85,102,117,82,99,121,149,12,111,132,7,54,83,145,122,44,68,37,105,15,127,33,119,120,96,106,73,14,140,9,49,95,91,72,30,142,47,22,19,135,128,58,31,110,24,74,124,2,57,36,146,98,86,130,67,71,25,93,118,147,88,137,50,79,62,42,64,65,38,107,53,26,141,21,55,20,112,3,56,75,150,5,125,39,35,97,29,8,69,76,100,116,136,40,52,113,90,4,101,45,66,11,51,10,16,63,129,94,77,115,32,43,114,92,-1,60,13,46,-1,139,-1,-1,-1,-1,-1,17,-1,48,-1,134,70,61,-1,-1,-1,-1,148,59,-1,-1,-1,-1,-1,6,1,,,,,,,,,,,,,,,,,,
33,131,22,142,133,132,39,12,111,84,79,80,85,100,98,113,26,145,124,16,41,122,87,86,4,83,138,31,146,126,102,143,119,81,82,149,120,101,140,52,9,106,50,121,144,118,68,104,108,36,96,24,15,34,127,19,93,25,147,62,29,73,58,14,8,92,48,110,128,69,136,125,57,28,75,2,23,35,78,30,116,63,95,67,150,97,88,89,137,49,40,66,53,71,55,27,107,21,74,141,112,72,64,20,56,123,99,5,37,135,54,44,51,103,76,117,90,77,42,134,114,3,65,105,130,38,61,46,148,7,45,6,13,47,32,11,59,94,115,17,129,109,43,10,60,139,18,91,70,1,,,,,,,,,,,,,,,,,,,,,,,,,,,,,,,,,,,,
36,127,83,114,43,99,132,25,20,125,11,133,92,94,88,44,80,101,143,126,106,145,137,115,120,84,96,24,104,22,142,28,62,49,118,147,98,112,42,144,57,122,109,77,107,149,100,82,17,34,67,78,3,119,121,54,16,108,29,74,86,71,124,148,18,131,69,56,10,134,45,73,26,140,79,4,31,123,64,110,150,136,55,38,2,66,51,72,111,68,37,7,39,19,91,41,90,33,103,23,139,52,21,146,58,102,53,93,46,113,129,89,65,27,35,5,105,30,8,97,60,61,75,6,12,95,130,14,76,81,50,48,40,138,70,141,128,32,1,116,47,-1,117,85,-1,-1,-1,-1,-1,9,-1,135,15,-1,13,-1,-1,63,87,-1,-1,-1,-1,-1,59,,,,,,,,,,,,,,,,,,,,,
22,33,111,131,39,79,85,133,26,80,100,84,145,12,132,82,98,142,16,124,122,40,86,4,62,87,83,113,101,146,138,149,31,119,126,81,143,52,9,102,121,24,118,50,120,106,144,140,68,108,36,15,104,25,96,34,127,19,73,59,14,8,93,147,72,2,92,48,110,57,75,136,28,23,78,116,30,63,94,128,35,71,97,125,130,67,64,88,150,137,112,27,89,55,38,107,66,49,21,69,20,74,41,56,42,5,37,29,10,123,99,76,44,53,103,51,117,65,90,3,148,54,114,134,77,46,45,58,105,47,135,61,32,7,95,129,109,6,139,11,17,141,115,43,18,91,-1,-1,-1,-1,-1,-1,-1,-1,60,70,13,-1,-1,-1,-1,-1,1,,,,,,,,,,,,,,,,,,,,,,,
71,117,60,13,113,27,36,50,52,92,104,16,2,75,8,76,90,106,144,65,103,68,47,43,29,57,131,62,67,25,9,82,40,39,55,21,79,96,20,3,142,72,74,35,58,1,91,124,22,26,101,23,93,137,73,94,115,129,4,19,38,140,107,41,88,150,81,112,98,83,46,61,17,110,128,42,6,116,30,121,11,102,45,32,86,69,49,34,123,111,118,28,95,147,130,143,44,126,100,31,146,108,114,12,99,70,15,149,5,37,80,63,122,85,24,120,127,10,119,125,18,109,148,141,53,33,105,7,132,89,66,78,51,84,87,136,-1,-1,77,56,59,-1,-1,145,64,-1,54,139,-1,-1,-1,14,48,-1,-1,134,-1,-1,133,-1,-1,-1,135,97,-1,138,,,,,,,,,,,,,,,,,,,,
121,41,125,88,144,44,104,74,118,32,111,122,93,140,100,24,84,136,126,47,23,87,79,106,103,109,139,22,12,20,146,113,90,137,127,145,119,61,4,149,50,95,62,115,148,45,16,39,110,101,114,36,76,19,117,48,3,147,11,77,81,67,69,131,31,80,94,123,70,133,33,116,86,130,43,26,21,68,18,60,40,53,135,66,89,112,91,128,2,99,73,71,142,105,150,25,42,17,56,28,6,102,37,134,78,57,107,30,27,92,141,38,59,82,143,98,132,29,7,8,96,51,108,15,55,49,14,65,75,58,120,34,129,124,35,46,13,-1,5,83,72,52,9,54,-1,85,-1,-1,10,-1,64,-1,-1,-1,-1,-1,-1,138,-1,-1,-1,-1,-1,63,-1,-1,97,-1,-1,-1,-1,-1,1,,,,,,,,,,,,,
114,77,43,83,25,37,99,126,11,142,125,62,94,127,80,20,140,119,102,28,22,24,107,104,93,133,88,3,144,82,132,115,145,84,44,143,58,116,147,137,108,42,149,100,96,67,17,122,35,49,121,18,110,78,120,53,31,86,16,148,106,10,98,55,21,73,26,29,79,4,124,150,74,30,2,71,89,52,111,134,65,54,69,45,131,56,90,39,101,19,23,136,91,41,141,75,57,36,72,27,8,112,123,32,64,129,66,68,109,7,146,103,139,51,34,92,46,105,135,38,113,5,47,33,76,97,12,50,81,95,118,117,130,85,40,138,14,61,-1,63,-1,87,-1,60,9,48,13,1,-1,6,70,-1,-1,-1,128,15,-1,-1,-1,-1,-1,-1,-1,-1,-1,-1,-1,-1,-1,-1,-1,-1,-1,-1,-1,-1,-1,59,,,,,,,,
116,42,88,84,32,11,120,122,23,75,105,25,129,139,74,111,137,144,87,100,93,125,2,47,78,140,20,108,112,119,127,146,22,149,145,103,61,136,113,50,148,115,44,62,45,102,39,114,118,96,110,38,77,147,48,12,80,18,67,3,71,43,101,92,124,70,4,94,16,19,29,34,123,41,133,81,117,64,106,89,135,69,60,86,65,150,56,21,91,28,143,40,104,37,131,99,26,6,17,73,53,134,76,79,30,109,68,58,7,24,90,142,107,35,57,132,63,98,55,31,52,130,66,82,141,5,85,36,8,27,10,14,49,121,128,9,126,33,13,51,15,83,72,46,1,-1,-1,-1,-1,95,54,-1,-1,-1,97,-1,-1,-1,-1,-1,-1,-1,-1,-1,-1,-1,59,-1,-1,-1,-1,-1,-1,138,,,,,,,,,,,,
29,103,110,117,71,48,56,15,1,69,37,97,14,52,104,77,75,9,2,70,66,93,44,107,127,47,42,58,79,62,28,40,26,54,24,98,60,8,144,18,23,138,68,90,22,123,109,73,94,92,41,88,25,13,101,111,4,115,91,83,130,143,43,141,99,57,32,38,46,131,74,5,118,10,82,21,106,102,35,50,6,147,125,64,39,124,114,112,129,36,45,72,3,100,49,86,95,120,113,146,126,140,17,80,16,81,34,67,55,149,142,12,31,65,63,30,20,150,59,133,84,96,76,51,119,148,135,108,27,105,116,122,137,128,19,89,87,121,145,7,33,53,136,139,132,11,78,-1,134,-1,85,61,,,,,,,,,,,,,,,,,,,,,,,,,,,,,,,,,,
34,23,12,42,149,18,62,123,81,44,85,132,84,109,26,131,3,102,118,108,25,83,92,122,117,121,7,119,127,133,97,112,67,146,103,105,106,104,37,96,19,55,28,15,14,77,90,145,139,140,2,9,33,124,144,142,143,72,22,46,78,110,30,58,49,125,73,129,24,135,36,101,65,86,71,130,57,82,88,120,98,51,93,54,38,107,21,5,8,20,74,75,79,126,56,35,76,100,148,137,64,40,150,95,50,69,115,63,29,41,39,111,87,113,89,80,99,48,45,53,47,11,31,147,94,16,116,68,114,43,138,27,4,17,91,-1,10,-1,52,66,-1,32,-1,-1,-1,-1,-1,-1,141,136,59,-1,128,-1,-1,-1,70,-1,-1,-1,-1,134,13,-1,61,1,-1,-1,60,-1,-1,-1,-1,-1,-1,-1,-1,-1,-1,6,,,,,,
131,34,39,111,27,25,12,84,86,81,80,79,109,122,102,144,18,125,88,133,85,146,83,117,143,138,126,142,100,141,103,132,101,121,3,52,7,44,120,119,28,68,106,49,145,108,82,37,105,95,149,127,96,15,33,30,73,14,69,8,72,48,110,19,128,29,78,135,91,35,118,63,62,57,97,31,65,71,93,22,87,24,67,137,50,58,55,23,130,54,41,26,38,107,2,124,140,89,112,75,56,5,40,9,123,36,74,98,53,42,150,21,20,99,136,147,51,90,116,114,77,104,10,46,45,134,64,4,94,115,129,16,66,76,13,113,43,139,17,92,1,70,32,47,-1,-1,-1,-1,11,-1,-1,-1,148,-1,-1,-1,-1,-1,61,60,-1,-1,-1,-1,-1,-1,-1,-1,-1,-1,-1,-1,59,6,,,,,,,,,,,,
13,98,67,53,92,33,8,68,59,132,74,72,120,66,107,38,142,19,46,105,30,39,52,35,56,101,1,77,14,90,2,138,76,73,93,106,11,9,70,75,17,3,136,57,117,4,58,29,91,62,88,97,22,26,82,112,25,104,83,113,150,115,45,44,36,41,139,63,146,51,125,111,40,114,18,24,50,37,23,100,5,122,31,21,85,110,94,102,47,89,48,80,124,69,128,96,28,99,43,108,129,130,118,116,32,42,12,135,79,15,65,147,109,10,54,78,95,64,140,143,103,27,126,49,137,34,134,133,123,121,55,149,141,71,131,20,86,145,81,144,84,148,-1,-1,7,-1,16,-1,119,87,127,-1,61,-1,-1,-1,-1,-1,-1,-1,-1,-1,-1,6,-1,-1,-1,60,,,,,,,,,,,,,,,,,,
11,24,126,132,78,82,144,99,125,106,83,43,19,149,44,35,94,87,80,145,113,77,119,92,104,127,62,23,120,115,49,133,28,101,138,84,25,140,122,142,5,96,57,118,112,147,41,100,143,121,17,107,108,148,34,31,54,16,86,71,131,56,67,110,30,123,64,18,69,10,65,109,79,89,66,90,136,98,129,124,73,29,134,91,42,2,74,26,3,27,55,102,58,39,45,150,141,72,51,22,37,76,111,103,53,8,7,130,21,33,20,68,75,137,36,38,93,47,114,4,61,105,146,85,97,50,81,6,135,12,13,46,52,9,15,139,95,128,32,59,40,116,14,88,117,-1,-1,-1,-1,-1,-1,1,-1,-1,-1,-1,63,60,70,-1,-1,48,,,,,,,,,,,,,,,,,,,,,,,,
90,81,108,64,22,118,63,51,120,55,66,2,73,15,67,78,101,34,97,137,49,1,50,141,31,106,30,32,37,57,69,19,11,91,140,56,24,150,18,104,130,10,8,126,70,76,77,21,92,74,119,12,23,5,26,114,87,35,110,144,124,52,127,33,3,135,103,7,121,93,94,44,99,98,29,58,83,107,14,71,41,25,43,60,62,84,102,117,105,79,4,128,112,68,111,47,20,54,38,96,131,109,39,42,113,40,123,13,138,17,116,9,89,45,72,139,146,53,28,88,143,75,145,148,65,85,80,95,142,100,122,115,36,129,16,61,46,136,82,27,147,-1,-1,149,-1,-1,86,6,-1,-1,-1,-1,-1,132,125,48,-1,-1,134,133,-1,-1,-1,-1,-1,59,,,,,,,,,,,,,,,,,,,,
37,122,28,85,24,104,126,98,130,25,76,108,116,144,141,94,125,20,134,99,149,79,103,146,139,3,22,43,88,114,118,117,137,87,123,93,59,113,115,147,143,49,4,46,42,109,21,36,18,12,100,120,78,110,74,148,2,124,34,51,133,54,72,69,10,95,16,70,83,45,26,105,39,80,129,82,62,17,128,150,66,91,136,41,53,111,101,142,23,40,131,19,64,67,65,89,55,107,57,90,33,7,73,8,75,56,132,77,106,145,30,140,52,32,112,44,61,102,81,6,29,31,92,13,68,63,50,35,84,11,27,9,48,5,60,97,15,119,127,58,121,38,96,14,86,71,-1,47,-1,-1,-1,-1,-1,-1,135,-1,-1,-1,-1,-1,-1,-1,-1,-1,-1,-1,-1,-1,138,-1,-1,-1,-1,1,,,,,,,,,,,,
93,70,109,29,103,81,47,117,56,15,97,14,107,62,143,9,1,104,37,76,71,42,65,52,69,48,44,127,8,40,58,79,54,26,60,110,144,23,68,2,98,28,77,138,90,150,111,22,115,25,4,122,41,24,12,73,92,21,130,94,88,91,105,82,39,35,141,101,89,46,43,132,102,50,119,57,5,6,125,10,80,64,86,114,31,32,113,49,45,30,126,36,120,124,18,95,146,3,139,17,137,100,72,108,74,128,112,99,34,16,83,13,123,67,55,142,149,75,20,27,147,59,118,145,38,135,106,129,133,96,19,53,85,78,140,51,11,63,66,121,131,134,116,-1,-1,7,136,-1,-1,33,-1,-1,-1,-1,148,-1,-1,-1,-1,84,-1,61,-1,-1,-1,-1,87,,,,,,,,,,,,,,,,,,,
69,111,70,50,117,41,53,58,143,14,91,75,80,37,95,92,10,84,107,13,77,35,38,135,39,60,119,71,83,8,54,102,17,103,2,28,47,27,3,106,61,108,114,149,4,48,121,86,1,20,113,55,12,67,93,96,89,98,26,132,23,32,44,101,141,81,43,51,147,82,25,146,90,104,6,100,40,99,5,125,62,45,9,131,49,52,63,136,30,33,72,85,74,127,112,109,116,46,36,94,22,42,24,105,144,137,19,138,88,31,123,18,126,15,148,66,150,57,122,142,73,64,68,16,79,29,120,76,97,133,115,110,34,134,118,21,7,130,140,65,139,129,78,56,11,124,-1,145,-1,-1,-1,-1,-1,-1,-1,-1,-1,128,-1,-1,-1,-1,87,-1,-1,-1,-1,-1,-1,-1,-1,-1,-1,-1,-1,-1,-1,-1,-1,-1,-1,-1,59,,,
62,126,11,93,37,78,77,144,115,107,99,45,133,132,94,124,20,105,142,88,3,80,102,140,22,114,127,145,86,58,95,43,82,116,120,137,83,24,143,28,119,147,98,42,51,100,110,69,149,122,109,121,112,16,84,106,46,49,10,17,55,130,29,123,74,72,134,26,38,79,148,66,67,150,111,53,91,125,25,54,89,4,73,71,56,64,41,36,19,136,35,23,18,2,30,101,131,141,39,103,31,90,146,139,44,34,92,113,108,21,57,61,32,104,135,129,68,85,5,47,13,15,6,63,27,12,96,8,59,128,75,76,50,65,117,48,118,97,40,14,87,7,70,-1,-1,1,-1,52,-1,81,33,9,138,-1,-1,-1,-1,-1,-1,-1,-1,-1,-1,-1,-1,-1,60,,,,,,,,,,,,,,,,,,,
24,61,66,8,101,52,98,2,34,59,132,120,46,38,72,36,138,90,30,57,78,67,68,142,13,1,53,27,75,19,136,12,73,15,107,58,18,70,124,56,31,88,29,146,76,95,105,83,9,45,44,150,40,37,99,139,63,113,92,41,114,111,91,80,89,39,5,115,104,22,106,3,82,93,23,94,100,127,112,7,16,26,116,85,122,35,130,97,109,48,147,4,28,108,118,102,51,47,110,32,11,49,74,43,128,145,21,42,69,117,79,10,121,14,129,143,64,25,62,86,54,137,96,60,71,140,6,33,103,65,119,134,77,131,123,133,81,17,126,50,20,55,149,84,-1,144,-1,141,-1,-1,-1,125,135,-1,-1,87,-1,-1,148,,,,,,,,,,,,,,,,,,,,,,,,,,,
85,76,37,122,116,130,108,125,141,98,20,134,43,82,99,46,87,12,28,103,118,139,126,149,88,79,114,117,123,143,59,4,113,24,104,95,147,42,109,17,100,36,21,120,110,74,34,50,69,10,144,67,131,83,70,29,124,105,137,54,18,49,148,133,146,16,115,62,93,72,31,78,3,2,39,136,128,22,89,73,129,90,27,25,101,94,26,150,55,91,56,107,40,66,142,57,65,8,23,80,19,33,132,64,7,41,77,106,75,111,140,32,45,30,145,52,53,92,44,112,102,6,35,81,51,68,47,9,61,97,84,127,15,58,5,96,121,48,119,38,60,14,11,138,71,86,-1,-1,-1,-1,-1,-1,-1,1,-1,-1,-1,-1,135,13,-1,-1,-1,-1,63,,,,,,,,,,,,,,,,,,,,,
91,43,100,112,85,124,127,132,28,130,77,35,12,23,82,81,133,83,19,44,108,26,106,144,24,119,102,116,145,139,120,84,149,5,122,96,56,78,92,113,107,123,99,98,146,18,33,31,103,17,55,40,118,2,142,71,14,143,109,131,57,29,10,21,73,62,88,25,36,148,121,74,140,49,67,65,105,134,90,79,64,129,87,93,104,3,125,75,51,37,27,22,30,54,42,72,126,34,136,20,101,141,58,76,69,6,94,48,147,110,61,114,86,150,66,137,38,80,111,39,7,52,11,135,9,8,46,60,32,117,95,45,53,13,4,68,115,16,128,41,63,59,47,15,138,89,1,50,-1,70,-1,-1,97,,,,,,,,,,,,,,,,,,,,,,,,,,,,,,,,,
112,52,71,49,118,59,2,27,14,1,36,9,76,104,16,66,103,92,75,130,67,28,41,56,21,69,47,79,44,97,18,20,138,106,91,124,23,25,74,37,26,8,90,73,40,58,115,4,101,39,128,98,46,55,62,107,108,38,140,143,83,144,17,111,42,61,147,99,150,34,22,82,116,6,121,102,11,131,70,80,43,50,32,3,94,86,100,123,113,129,29,95,93,45,88,30,72,5,126,109,65,114,119,13,51,110,48,142,35,136,89,15,81,122,149,24,60,31,120,135,146,145,117,84,133,64,33,127,10,53,7,68,105,54,139,85,77,19,125,57,78,12,132,137,-1,96,63,-1,-1,-1,134,148,-1,-1,-1,-1,141,-1,-1,-1,-1,-1,-1,87,,,,,,,,,,,,,,,,,,,,,,
38,123,32,121,12,144,128,86,76,141,25,109,44,83,23,120,21,93,149,101,135,104,118,98,111,116,77,89,125,95,47,126,88,61,4,43,103,102,79,114,20,143,36,16,139,49,108,117,19,113,35,74,50,11,17,137,67,82,105,124,148,33,51,31,64,146,2,132,130,62,112,115,70,131,40,87,73,129,22,90,54,55,100,26,24,106,3,94,71,57,142,18,7,150,69,78,68,27,80,30,133,107,140,91,52,28,58,92,42,6,110,60,41,84,99,8,45,147,39,81,53,46,134,29,34,9,5,13,15,127,37,97,14,75,122,66,65,138,72,48,-1,-1,-1,136,56,119,145,96,-1,-1,-1,-1,-1,-1,-1,85,-1,10,-1,-1,-1,-1,-1,-1,-1,-1,-1,-1,-1,-1,-1,63,-1,-1,-1,1,-1,-1,-1,-1,-1,-1,-1,59,,
26,68,13,92,16,106,69,65,75,90,8,61,131,102,41,60,82,30,38,39,72,9,94,105,50,35,19,107,55,53,46,1,78,12,70,91,140,2,73,93,111,25,58,76,116,3,4,32,95,43,45,57,42,103,113,150,120,22,112,137,62,101,5,143,23,37,7,114,28,118,14,139,48,34,51,47,81,85,123,83,100,98,110,49,127,27,29,18,36,124,115,67,31,117,135,11,145,146,40,15,74,128,88,44,122,21,79,144,77,64,96,99,108,129,141,89,97,119,138,121,126,125,17,56,59,109,147,148,54,87,104,24,20,142,71,80,-1,-1,-1,-1,130,149,66,-1,-1,-1,52,-1,33,-1,-1,136,86,-1,10,132,-1,-1,-1,-1,-1,133,-1,84,134,-1,-1,-1,-1,-1,-1,-1,-1,-1,63,-1,-1,-1,-1,-1,6,,,,,
142,83,98,37,124,20,115,77,133,127,28,11,45,95,145,80,88,62,82,3,126,102,22,119,114,86,120,122,131,94,104,24,43,143,116,67,99,147,36,42,109,121,18,31,140,137,148,74,21,144,69,110,149,51,2,84,100,130,49,123,10,106,78,134,16,93,58,55,125,30,72,107,46,91,26,111,27,90,39,41,101,56,141,17,23,19,75,57,35,71,25,79,136,4,7,132,32,105,146,139,52,64,44,92,73,113,61,34,112,66,53,85,5,81,97,68,135,103,38,33,150,47,12,129,48,40,60,96,29,108,63,8,118,87,14,76,50,117,65,-1,89,15,-1,-1,-1,-1,-1,-1,-1,-1,6,-1,-1,-1,-1,54,9,-1,13,128,70,-1,-1,59,-1,-1,-1,-1,-1,-1,-1,-1,-1,-1,-1,-1,138,-1,1,,,,,,,
123,95,130,11,104,126,84,24,142,144,115,37,25,78,43,62,108,94,125,134,99,20,88,79,118,149,146,102,22,87,114,93,143,59,42,77,116,28,49,36,110,46,137,119,109,148,32,121,122,67,51,69,16,100,45,72,133,10,54,26,30,38,106,127,65,64,111,150,82,129,89,91,68,90,136,98,140,147,4,17,70,80,41,53,55,18,40,124,56,141,101,3,2,131,29,112,27,19,83,74,73,23,107,75,35,132,8,57,31,76,105,139,33,44,113,96,103,21,66,5,92,50,13,47,63,117,58,34,85,39,14,86,12,120,145,7,9,71,-1,-1,81,-1,-1,97,128,52,61,-1,-1,-1,-1,-1,-1,-1,-1,-1,15,1,48,6,-1,-1,-1,-1,-1,60,135,-1,-1,-1,-1,-1,138,,,,,,,,,,,,,
27,82,90,104,70,16,50,53,92,118,63,67,36,8,103,13,64,75,47,106,60,131,69,29,43,39,137,21,40,3,150,17,79,72,96,23,94,55,25,1,76,4,22,144,26,88,2,9,34,91,147,113,20,142,111,98,41,93,38,115,45,99,61,112,140,42,107,83,5,102,6,35,89,121,11,30,49,66,58,57,81,128,46,116,108,95,68,109,31,100,117,86,32,44,146,114,101,123,73,143,135,124,130,37,12,48,80,18,122,71,51,126,129,28,74,148,14,145,65,62,87,10,119,125,120,19,24,105,110,138,15,139,-1,97,136,78,56,134,-1,149,141,77,-1,-1,-1,-1,132,-1,-1,54,133,84,127,85,33,52,7,-1,-1,-1,-1,-1,-1,-1,-1,-1,-1,-1,-1,-1,-1,-1,-1,-1,-1,59,,,,,,,,,,
28,133,77,78,44,129,91,81,19,149,86,101,3,124,83,145,23,43,120,107,119,115,35,62,12,113,100,139,126,24,84,105,57,99,142,40,118,108,98,5,82,18,132,140,69,55,10,2,71,87,15,143,26,122,31,110,56,144,96,121,49,34,38,73,125,134,104,146,148,25,123,64,93,79,106,150,72,65,17,136,130,66,42,92,103,39,22,6,58,67,75,90,131,112,21,74,127,102,29,54,30,137,147,88,47,27,63,33,111,20,45,36,94,8,114,53,37,61,109,80,85,68,7,32,60,76,48,128,117,14,41,4,89,70,-1,16,-1,1,51,52,135,50,46,11,95,116,-1,9,-1,-1,-1,141,-1,-1,-1,-1,-1,-1,97,-1,-1,-1,59,-1,-1,13,-1,-1,-1,-1,-1,138,,,,,,,,,,,,,,
51,112,26,105,69,1,76,35,46,102,60,3,65,61,131,37,72,73,9,68,75,25,55,13,16,53,94,12,143,107,30,58,139,2,19,70,124,74,116,39,22,111,88,32,29,21,103,57,8,90,40,137,120,92,78,95,113,43,42,150,129,83,140,36,62,106,93,91,81,100,23,18,5,127,114,28,98,38,101,52,118,15,89,34,67,82,147,110,4,96,11,44,117,146,115,134,47,14,145,79,85,99,49,41,148,149,128,71,123,45,122,77,54,7,144,138,109,135,108,59,33,126,64,17,66,87,121,97,56,31,24,104,132,119,80,50,27,10,20,136,142,-1,130,63,141,-1,-1,-1,86,-1,125,-1,-1,-1,-1,-1,-1,-1,-1,48,133,-1,84,-1,-1,-1,-1,-1,6,,,,,,,,,,,,,,,,,
68,53,142,61,13,101,3,66,60,38,72,52,30,138,75,40,73,120,67,19,2,57,37,78,27,15,93,56,18,70,35,91,21,8,132,111,90,94,46,115,4,137,105,1,12,146,23,76,25,150,124,104,114,9,92,45,42,140,36,63,80,95,82,113,107,98,106,58,44,39,127,26,88,116,5,16,47,112,69,49,85,22,99,97,7,28,128,83,34,117,145,147,102,32,11,65,100,118,123,89,41,43,109,31,135,108,14,121,148,144,74,141,62,24,48,77,86,59,71,129,130,110,29,87,126,10,139,122,51,79,103,136,125,50,33,81,143,20,64,119,-1,96,55,-1,54,149,131,-1,-1,-1,84,17,6,134,133,,,,,,,,,,,,,,,,,,,,,,,,,,,,,,,
129,91,34,28,82,108,25,143,12,62,110,144,104,133,84,127,77,18,92,149,81,132,43,124,85,23,3,44,102,145,26,118,117,122,83,121,6,105,119,49,55,113,146,139,100,96,67,38,107,22,78,16,142,97,123,33,19,31,99,147,74,9,56,46,2,130,14,71,109,125,58,140,30,134,36,73,24,120,103,86,131,88,150,79,66,72,93,68,136,51,53,54,41,27,89,37,106,64,141,21,111,20,69,57,65,39,5,8,126,35,76,101,29,40,137,95,75,50,115,148,112,135,61,4,98,80,7,11,87,45,32,13,47,59,94,116,60,15,48,114,10,42,138,17,90,70,-1,-1,-1,63,-1,-1,52,128,-1,-1,-1,-1,-1,-1,-1,-1,-1,-1,-1,-1,-1,-1,1,,,,,,,,,,,,,,,,,
67,105,52,106,120,61,68,142,98,72,2,1,90,53,113,65,13,35,60,132,76,82,75,30,19,37,78,46,15,137,56,9,39,18,73,101,92,58,93,138,8,91,23,26,3,12,124,107,111,29,150,25,31,115,40,4,57,95,88,114,21,104,70,146,44,45,129,36,99,63,140,80,100,38,27,112,22,16,102,94,74,5,127,118,69,49,34,66,83,85,123,130,109,48,97,43,128,32,47,51,110,147,116,145,117,134,11,108,89,28,41,14,79,121,10,71,144,149,141,77,24,42,62,86,136,96,54,84,122,103,33,17,119,139,135,126,125,50,6,133,55,131,81,143,-1,20,-1,-1,-1,148,7,64,-1,-1,-1,-1,-1,-1,-1,-1,87,-1,-1,-1,-1,-1,-1,59,,,,,,,,,,,,,,,,,,
110,29,103,71,93,14,107,52,117,48,56,143,15,1,37,97,9,70,76,77,104,44,127,66,28,42,69,138,73,47,79,54,24,90,62,8,26,98,150,58,60,2,144,109,68,92,22,40,123,111,115,94,4,41,88,25,13,101,35,82,105,46,130,39,43,91,74,141,32,132,57,21,23,147,89,5,118,50,100,6,36,125,3,80,102,99,10,51,64,38,124,83,72,31,86,108,129,112,30,49,114,95,18,45,126,120,146,140,113,81,17,34,137,16,12,121,67,55,75,65,63,142,27,20,149,133,59,85,119,84,145,96,135,106,116,128,33,122,19,53,7,139,131,61,136,78,11,134,-1,-1,-1,-1,-1,148,-1,-1,-1,-1,-1,-1,-1,-1,-1,-1,-1,87,,,,,,,,,,,,,,,,,,,,
84,89,41,109,23,123,18,149,91,103,127,131,28,34,108,85,102,107,133,138,140,117,145,83,26,12,81,82,132,144,121,97,44,55,7,142,37,120,104,105,33,77,95,125,122,143,118,78,15,112,31,58,19,73,14,9,90,46,30,98,25,146,57,62,69,129,49,74,72,2,67,124,110,71,135,22,119,24,27,147,3,36,64,65,88,79,42,93,86,106,5,21,20,75,99,56,8,136,53,35,54,150,141,29,100,52,126,96,40,50,63,116,38,111,130,39,101,45,51,113,66,76,59,137,134,11,13,87,80,4,68,148,94,16,47,115,114,60,43,139,92,-1,-1,128,48,32,-1,-1,61,17,-1,-1,-1,-1,70,-1,10,-1,-1,-1,1,-1,6,,,,,,,,,,,,,,,,,,,,,,,
19,92,106,76,8,3,67,72,112,61,26,60,69,142,101,52,65,131,13,35,40,37,105,39,55,25,75,16,53,2,1,46,30,78,58,139,12,91,22,120,73,90,9,74,103,57,98,43,93,129,70,95,140,107,124,113,29,137,63,111,115,94,102,81,38,127,114,27,18,150,82,23,15,42,47,118,108,45,49,48,28,123,96,128,32,34,117,130,21,146,88,100,4,5,83,116,36,44,11,145,134,41,85,51,68,99,110,14,62,10,7,87,144,136,119,97,31,148,126,147,138,79,89,109,24,122,71,104,50,135,20,-1,121,149,54,77,66,141,86,125,56,80,64,33,143,-1,17,133,132,-1,-1,-1,-1,84,-1,-1,-1,-1,-1,59,-1,-1,-1,-1,-1,-1,-1,-1,-1,-1,-1,-1,-1,-1,-1,-1,6,,,,,,,,,
82,90,76,143,26,119,16,75,105,60,65,102,98,30,92,68,50,41,35,113,69,106,53,72,131,2,13,8,3,38,70,22,20,40,1,62,46,138,32,9,140,57,55,111,95,73,88,27,116,15,43,103,124,150,23,147,78,107,94,37,112,58,99,42,139,18,61,81,101,89,128,93,115,120,25,36,4,12,67,34,83,21,66,100,47,74,7,48,85,29,96,5,44,28,31,49,123,117,129,45,91,146,144,114,109,80,145,39,142,126,11,51,77,86,110,14,122,134,24,118,121,127,137,136,108,104,133,19,130,149,148,64,71,132,52,87,54,56,79,-1,-1,33,-1,125,17,-1,10,84,-1,135,141,-1,-1,-1,-1,-1,-1,6,-1,-1,-1,97,-1,-1,-1,-1,-1,-1,-1,-1,-1,-1,-1,63,-1,-1,-1,-1,-1,-1,59,,,,,
43,108,97,125,20,142,37,130,83,115,149,124,134,46,78,11,99,79,22,24,114,120,77,88,137,146,140,126,87,104,122,94,4,62,144,3,102,67,28,116,25,109,100,93,36,17,42,112,121,110,32,148,82,118,98,49,51,84,143,106,123,131,16,29,54,133,10,72,30,80,69,58,38,26,147,127,150,89,73,56,91,40,111,101,21,75,18,71,74,23,107,2,19,57,8,55,35,90,45,136,132,129,31,53,105,141,139,7,41,34,92,113,103,68,44,50,66,27,47,12,6,95,128,76,117,59,39,138,14,1,70,5,65,145,-1,135,52,85,96,86,-1,119,33,-1,61,63,9,48,81,-1,-1,13,-1,64,-1,-1,-1,15,60,,,,,,,,,,,,,,,,,,,,,,,,,,,
18,140,14,115,73,65,34,106,77,100,107,69,121,50,56,135,74,33,24,32,39,52,66,1,46,139,2,13,72,105,90,92,8,131,59,30,21,17,126,26,91,58,78,9,57,11,113,75,5,27,93,146,62,70,118,116,82,47,97,128,44,137,104,40,35,67,89,22,88,3,20,51,94,19,41,29,112,4,98,101,102,111,63,31,83,122,110,25,124,114,43,120,45,96,12,54,85,42,15,10,119,80,149,38,129,55,71,143,99,48,68,138,60,130,150,37,142,28,95,117,123,147,109,103,36,108,76,49,53,132,64,79,81,86,23,144,141,-1,7,84,-1,-1,125,-1,127,134,148,136,16,145,-1,-1,87,133,-1,-1,-1,-1,-1,-1,-1,-1,61,-1,-1,-1,-1,-1,-1,-1,-1,-1,-1,-1,-1,-1,-1,6,,,,,,,,
120,106,105,60,2,102,1,61,68,16,131,41,38,72,137,50,57,55,95,69,53,65,26,12,35,8,150,18,107,140,14,75,46,23,30,82,20,124,111,74,116,40,32,78,73,93,92,90,76,28,103,112,43,113,9,99,98,62,37,42,143,147,100,83,81,101,22,5,139,114,91,128,7,3,4,70,94,29,36,119,49,13,34,58,123,89,44,127,117,25,67,47,146,109,66,45,31,88,85,48,108,27,115,144,21,135,96,51,110,39,15,11,71,145,77,64,84,138,129,79,134,122,104,118,33,126,17,52,24,136,56,80,19,141,6,132,130,54,121,142,133,-1,-1,86,-1,148,149,125,-1,59,-1,-1,10,87,-1,-1,-1,-1,-1,-1,-1,-1,-1,-1,-1,-1,-1,63,97,,,,,,,,,,,,,,,,,
113,74,101,25,59,66,46,30,38,105,35,39,13,68,53,142,67,52,34,90,19,98,72,73,14,150,27,78,93,17,8,2,136,138,22,75,117,31,88,29,96,146,76,132,11,56,1,62,57,9,104,92,45,129,106,58,23,120,114,4,37,3,112,139,41,63,80,107,40,70,44,102,91,115,94,99,125,111,24,51,18,82,124,50,36,47,65,85,100,122,69,108,130,97,116,110,118,83,28,43,32,79,5,109,147,10,89,128,15,54,121,7,12,143,21,140,26,42,137,145,119,123,71,95,103,141,49,55,131,77,81,20,126,144,61,64,-1,86,-1,148,149,127,-1,-1,33,135,-1,87,6,-1,-1,-1,-1,16,-1,-1,-1,-1,-1,-1,48,60,134,133,84,,,,,,,,,,,,,,,,,,,,,
109,84,87,23,131,133,80,41,132,77,108,12,103,25,18,123,127,149,145,26,117,34,28,44,81,85,118,83,98,102,55,121,7,111,90,120,104,146,67,33,125,37,138,105,142,122,15,49,144,97,9,72,91,47,19,62,106,58,129,30,82,57,143,135,95,24,124,147,3,14,78,22,29,119,140,69,2,74,110,36,99,86,71,42,64,93,31,50,65,107,21,20,150,56,39,53,130,68,5,76,35,73,112,136,66,38,75,137,96,100,40,88,116,101,126,134,79,89,48,52,10,113,94,27,128,45,63,43,115,114,4,11,139,8,59,32,61,92,70,1,51,-1,148,-1,-1,141,6,46,60,16,-1,54,17,-1,-1,-1,-1,13,,,,,,,,,,,,,,,,,,,,,,,,,,,,
103,110,29,14,107,71,117,48,93,56,15,70,97,77,9,42,37,66,69,2,44,138,76,143,90,52,104,47,26,54,73,8,127,28,79,24,68,1,60,98,58,144,40,92,115,111,123,41,82,23,62,13,106,130,109,46,101,39,141,100,36,4,22,89,57,3,18,21,102,32,131,94,43,35,125,6,147,10,50,31,25,112,118,5,114,30,86,129,95,45,99,51,49,72,126,83,124,113,120,64,88,17,38,34,80,140,16,81,12,74,91,27,67,55,142,20,121,146,150,119,149,133,85,59,135,105,122,53,108,139,78,75,136,137,65,148,19,132,11,134,-1,-1,-1,116,-1,128,96,61,-1,7,145,87,84,33,-1,-1,-1,-1,-1,-1,-1,-1,-1,-1,-1,-1,-1,-1,-1,63,,,,,,,,,,,,,,,,
42,115,33,123,89,23,73,11,74,114,130,139,91,126,48,26,22,100,84,110,137,78,117,103,144,19,87,146,106,109,94,136,128,60,51,116,149,93,145,62,45,140,2,44,39,113,20,119,96,38,47,3,70,77,16,67,12,111,71,120,101,148,4,50,121,104,135,41,21,107,64,118,31,75,127,92,43,124,86,133,82,61,57,69,30,88,35,40,80,143,15,76,25,102,36,131,134,150,58,7,141,18,79,142,28,65,27,112,6,99,24,90,105,34,53,55,8,108,97,85,68,132,37,14,147,17,129,29,5,98,52,59,83,122,72,-1,-1,-1,9,49,66,13,10,-1,32,46,56,-1,-1,-1,95,81,125,-1,54,63,-1,-1,-1,-1,-1,-1,-1,-1,-1,-1,-1,-1,-1,-1,-1,-1,-1,-1,138,-1,-1,1,,,,,,,,
40,87,121,45,119,32,23,111,102,122,140,125,22,136,127,106,24,88,12,79,20,144,100,93,47,110,113,76,90,103,126,61,146,4,148,44,114,83,50,94,149,139,145,101,62,38,117,109,137,116,75,49,11,36,71,77,118,3,124,81,104,26,42,64,67,33,95,19,132,16,115,131,130,60,68,43,86,21,2,70,37,135,17,142,147,25,129,105,18,74,30,134,57,7,80,69,41,78,89,56,99,91,53,73,107,112,150,28,143,65,6,92,39,108,59,82,98,96,133,15,58,14,141,52,31,66,29,5,34,48,35,120,8,27,10,123,97,72,-1,-1,13,9,51,55,-1,-1,46,-1,-1,-1,63,85,54,-1,-1,-1,-1,-1,128,-1,-1,-1,-1,-1,-1,84,-1,-1,-1,-1,-1,-1,-1,-1,-1,138,1,,,,,,,,,
108,26,91,129,77,34,112,18,149,124,43,85,143,81,3,103,145,139,105,83,127,121,140,84,116,96,28,6,23,55,144,62,133,50,113,92,82,119,146,122,118,99,102,40,132,44,97,33,56,123,142,14,101,12,25,78,71,9,19,109,17,125,73,24,148,21,31,30,120,67,107,36,64,45,57,74,104,87,72,93,2,134,38,29,41,22,106,58,90,5,66,8,126,79,53,20,54,131,68,150,51,110,27,69,88,136,141,37,100,147,35,39,115,95,111,76,130,137,4,98,86,49,80,11,61,94,52,114,42,46,16,7,70,-1,75,47,32,65,89,-1,128,-1,-1,117,-1,15,-1,135,13,60,-1,138,1,59,-1,10,-1,-1,-1,-1,-1,-1,48,-1,-1,-1,-1,-1,-1,-1,-1,-1,63,,,,,,,,,,,,,
64,118,81,17,63,109,51,107,121,93,55,24,67,74,2,136,15,1,66,34,90,8,97,101,3,46,50,141,31,28,29,36,68,76,25,11,57,12,56,150,104,19,128,10,92,23,70,77,140,127,94,116,73,120,5,22,35,87,144,32,110,53,126,102,33,58,83,78,43,99,21,38,124,135,72,103,79,100,44,106,4,119,7,13,54,26,69,41,108,62,89,39,60,84,105,129,112,111,49,42,96,131,91,40,146,117,20,123,14,138,113,47,18,75,115,9,139,133,80,30,71,65,149,88,52,114,143,61,95,148,85,145,86,125,98,142,122,37,16,45,132,130,134,48,137,82,27,147,-1,-1,-1,-1,-1,-1,-1,-1,6,-1,-1,-1,-1,-1,-1,-1,-1,-1,-1,-1,-1,-1,-1,-1,-1,-1,-1,-1,-1,-1,59,,,,,,,
102,18,78,91,129,149,124,85,3,83,112,81,139,26,34,25,118,28,127,43,84,108,133,116,121,122,92,144,140,96,82,142,103,132,105,55,50,6,62,77,12,44,119,143,113,97,145,146,99,40,33,101,148,123,67,56,69,88,9,125,109,107,14,57,134,19,17,31,71,21,73,2,24,36,74,120,45,30,65,64,104,87,23,130,22,131,141,79,72,93,90,41,51,38,75,58,53,106,27,37,68,54,20,35,39,126,29,100,115,8,5,95,63,48,4,111,76,86,49,150,110,98,52,10,114,147,32,94,7,80,46,47,11,117,137,42,-1,89,-1,60,-1,66,15,16,13,-1,138,-1,-1,-1,136,128,-1,-1,-1,-1,-1,-1,-1,-1,135,59,70,1,-1,61,,,,,,,,,,,,,,,,,,,,
14,62,107,74,34,19,101,67,113,66,120,59,142,47,105,2,68,29,50,53,1,76,132,38,33,72,57,25,13,27,77,56,92,9,106,138,8,90,39,135,150,11,70,17,91,22,125,98,112,3,73,75,117,88,30,146,24,97,93,116,94,21,83,104,82,44,41,137,129,64,100,40,80,102,124,23,111,46,7,18,58,114,4,36,52,37,99,65,69,110,109,122,26,85,5,128,48,130,96,115,43,45,32,119,145,147,31,12,78,148,136,121,55,139,15,28,143,87,10,71,42,149,63,108,140,79,118,51,86,35,123,89,103,95,84,127,49,126,134,141,6,61,54,131,81,60,133,16,20,144,,,,,,,,,,,,,,,,,,,,,,,,,,,,,,,,,,,,
117,16,27,75,1,70,103,36,67,104,50,65,60,92,13,47,144,82,68,52,131,90,29,113,106,98,43,40,62,79,21,25,150,96,39,76,2,137,55,72,3,142,35,88,147,9,26,8,73,57,20,93,129,22,115,101,94,110,58,107,4,42,41,140,61,102,91,23,17,112,83,81,45,99,116,89,18,34,6,38,128,121,11,30,124,46,32,69,49,130,114,111,108,86,74,100,5,109,95,66,123,44,28,126,48,31,118,141,146,14,12,37,80,59,122,10,133,120,145,105,51,71,53,77,148,136,56,24,143,63,87,-1,78,19,119,149,-1,125,135,64,97,54,7,-1,85,127,33,132,15,134,139,-1,-1,-1,-1,84,-1,-1,-1,-1,-1,138,,,,,,,,,,,,,,,,,,,,,,,,
125,130,122,103,86,62,141,37,108,117,46,20,99,134,87,104,25,146,139,22,12,126,123,24,89,77,79,118,94,116,113,59,49,114,28,115,44,82,76,95,42,100,120,3,17,144,149,110,36,109,148,34,67,50,137,69,10,45,53,105,98,93,132,72,143,32,70,39,26,128,16,83,18,111,64,131,88,73,91,68,147,124,54,90,4,40,2,55,142,101,19,65,23,74,107,80,56,41,8,33,21,136,133,30,27,75,57,31,129,78,29,106,150,140,7,43,112,84,92,102,81,66,51,96,47,35,97,121,58,38,5,119,63,15,138,71,-1,-1,-1,-1,52,11,127,135,-1,145,-1,14,9,48,61,-1,-1,-1,85,13,-1,-1,-1,-1,-1,-1,60,-1,-1,-1,1,-1,-1,-1,-1,-1,-1,-1,-1,6,,,,,,,,,,
128,132,133,35,106,12,143,83,78,28,23,91,62,112,144,100,124,129,44,85,43,116,108,81,149,26,25,140,84,142,119,55,5,113,121,102,19,77,118,139,40,107,96,97,99,33,122,123,145,148,21,17,18,56,69,2,103,29,131,49,146,14,74,109,92,10,125,134,57,24,79,71,120,87,104,88,93,72,54,42,39,3,36,82,105,141,73,22,20,58,64,37,8,6,34,126,67,76,101,52,94,38,45,48,90,51,111,114,65,86,4,53,110,98,50,7,30,68,147,11,32,150,130,75,13,47,31,115,16,41,127,138,9,89,66,27,137,46,80,95,117,60,135,-1,70,-1,-1,-1,1,-1,-1,-1,136,15,63,-1,-1,-1,-1,-1,61,-1,-1,-1,-1,-1,-1,-1,-1,-1,-1,-1,-1,-1,-1,-1,-1,-1,-1,-1,-1,59,,,,
32,88,42,24,123,84,100,118,144,74,62,23,111,76,125,140,126,22,93,136,47,149,12,87,146,20,109,106,103,92,139,44,120,105,78,129,96,4,61,145,113,50,67,148,94,110,45,101,3,119,137,115,39,21,114,117,36,77,48,18,19,11,71,2,122,112,102,124,34,27,70,16,41,43,81,133,116,150,131,135,86,68,91,89,60,53,28,64,40,73,80,142,56,25,104,17,38,69,65,57,130,29,30,7,108,143,134,6,52,75,26,79,99,90,37,141,107,51,58,82,98,63,132,55,5,15,35,147,9,85,49,31,127,33,46,13,8,83,-1,10,95,121,-1,66,59,54,14,72,-1,128,-1,-1,-1,-1,-1,-1,-1,97,138,1,,,,,,,,,,,,,,,,,,,,,,,,,,
50,60,69,68,53,120,113,92,65,2,75,26,16,106,76,12,35,8,1,98,102,61,46,131,72,30,41,38,137,9,25,73,55,57,40,20,105,95,107,78,14,70,93,91,18,124,116,111,4,143,74,90,32,28,3,140,22,23,150,21,103,112,129,94,83,43,45,139,37,42,62,89,128,101,7,114,51,119,147,29,13,34,81,47,58,100,82,67,5,88,49,123,110,99,48,44,117,127,115,85,144,11,96,39,36,130,108,122,54,146,109,31,149,141,71,15,134,24,86,66,59,118,138,121,104,27,126,10,125,52,136,84,33,56,79,145,64,133,132,80,19,63,142,77,-1,17,-1,-1,148,-1,135,97,-1,-1,-1,-1,87,-1,-1,-1,-1,6,,,,,,,,,,,,,,,,,,,,,,,,
16,69,82,113,90,35,61,76,41,30,137,50,68,143,12,39,53,26,65,120,46,60,73,9,75,78,38,105,19,131,13,140,102,22,8,1,107,111,58,92,106,93,3,72,74,116,55,91,88,70,95,147,103,4,32,21,112,99,62,25,42,150,81,23,129,94,100,37,114,139,5,43,51,128,28,14,48,47,66,118,45,57,98,27,34,109,67,31,110,123,83,29,96,49,85,127,115,101,2,11,79,144,135,124,71,148,40,117,44,18,36,145,24,146,87,86,108,15,149,54,141,138,122,89,64,119,104,130,17,6,80,126,56,20,142,-1,-1,-1,-1,77,-1,125,59,121,10,136,-1,-1,84,-1,-1,-1,-1,-1,132,7,33,-1,63,97,52,-1,133,-1,-1,134,,,,,,,,,,,,,,,,,,,,
21,121,50,90,115,139,105,14,63,8,1,53,81,3,65,93,66,69,138,55,74,19,33,34,100,58,39,72,77,32,10,30,13,92,26,104,131,59,11,91,126,75,113,5,2,78,46,150,117,31,140,29,88,146,22,27,70,94,106,97,120,23,49,98,40,137,44,35,67,101,41,4,107,7,110,123,52,57,20,45,56,62,85,37,17,102,119,111,24,83,68,96,80,43,47,38,114,129,99,122,42,15,128,89,18,73,144,9,136,112,118,64,147,109,60,108,12,124,142,116,76,103,28,36,143,130,127,149,79,16,141,125,82,148,86,25,145,-1,-1,-1,-1,71,-1,87,51,-1,-1,-1,48,132,-1,134,95,61,84,133,54,-1,-1,-1,-1,-1,-1,-1,-1,6,-1,135,,,,,,,,,,,,,,,,,,
122,31,38,128,109,141,123,23,103,86,44,93,77,135,126,99,62,47,146,104,139,22,82,111,20,88,144,137,116,12,3,89,124,94,114,60,115,79,148,43,67,102,16,36,118,120,147,143,49,19,117,108,34,10,76,149,50,2,25,95,70,30,125,4,105,52,71,17,131,40,132,33,98,113,69,45,26,80,87,91,112,74,130,57,142,90,39,24,41,18,106,73,55,101,32,6,133,66,64,83,150,68,54,27,136,58,28,78,8,53,107,29,61,92,84,65,42,100,110,21,140,134,81,5,75,129,51,48,35,15,121,85,7,11,97,37,96,-1,46,145,119,56,-1,13,14,72,59,-1,-1,127,-1,-1,-1,-1,-1,9,-1,-1,-1,63,138,-1,-1,-1,1,,,,,,,,,,,,,,,,,,,,,
132,12,131,34,28,143,41,89,84,109,103,78,108,107,123,18,44,77,91,81,144,85,23,127,138,145,122,97,133,117,62,83,121,120,102,26,49,149,142,7,112,67,104,95,82,15,37,105,33,125,98,73,58,69,55,118,147,146,2,14,9,72,19,90,46,110,30,57,135,36,129,79,22,24,31,119,99,140,150,66,71,93,68,51,136,54,38,86,88,53,42,25,106,141,64,21,111,39,3,124,5,126,56,100,20,35,137,40,50,130,27,96,74,116,61,113,4,8,76,101,45,80,32,94,16,115,148,63,128,29,47,10,87,114,48,75,17,13,92,43,65,-1,-1,-1,-1,-1,139,70,-1,-1,11,-1,60,6,52,59,-1,-1,-1,-1,134,-1,-1,-1,-1,-1,-1,-1,-1,-1,-1,-1,-1,-1,-1,-1,-1,-1,-1,1,,,,,,
144,37,127,43,105,93,11,124,99,78,24,142,83,20,115,133,107,45,77,94,62,88,80,102,140,22,145,28,119,120,86,114,126,95,149,4,137,143,112,109,122,132,42,116,25,82,49,67,98,100,58,21,17,121,110,36,148,74,51,10,84,16,18,106,130,71,46,69,29,123,55,147,72,31,30,3,134,26,38,111,125,65,2,73,79,129,150,91,53,56,54,101,141,90,68,136,39,23,108,19,75,35,7,131,57,32,103,76,66,27,139,146,34,52,92,41,44,113,63,104,5,33,50,97,6,81,89,12,47,60,96,128,59,118,8,40,85,9,61,117,138,64,87,1,-1,-1,-1,15,-1,14,-1,-1,70,-1,-1,-1,-1,48,-1,-1,-1,-1,-1,-1,135,-1,-1,13,,,,,,,,,,,,,,,,,,
65,13,51,82,60,90,75,112,8,3,102,19,61,40,30,137,120,98,72,37,57,92,131,25,105,68,16,94,150,69,107,35,53,1,46,74,139,73,12,70,39,124,103,55,78,43,106,95,2,42,99,76,83,140,147,81,142,89,101,58,91,5,114,26,9,23,21,111,127,7,113,28,52,15,115,67,85,118,34,108,109,100,62,44,27,96,123,29,32,128,116,117,145,93,134,66,14,79,4,148,47,22,110,122,49,88,18,36,48,38,64,71,11,135,41,104,119,144,33,138,17,136,121,126,129,20,132,146,31,130,54,143,45,24,133,56,6,80,-1,-1,77,-1,97,-1,84,10,-1,-1,50,149,-1,-1,-1,86,-1,-1,59,141,125,-1,-1,-1,-1,-1,-1,-1,-1,-1,-1,-1,87,-1,-1,-1,-1,63,,,,,,,,,,
39,119,25,86,83,77,32,44,122,76,109,140,126,121,22,149,100,143,135,62,146,47,139,118,79,111,89,88,61,23,125,103,3,127,115,148,101,50,137,20,94,116,43,102,108,16,114,147,37,35,12,11,69,117,81,105,131,51,31,33,26,41,144,95,150,132,19,113,87,66,130,67,49,129,59,104,17,56,136,2,38,70,80,99,71,142,24,106,6,75,18,112,42,30,93,133,29,73,78,4,28,65,124,107,40,92,90,91,57,60,84,98,82,134,8,74,96,5,21,14,34,9,48,58,145,120,128,110,55,123,36,72,1,45,85,53,68,27,-1,-1,-1,46,-1,-1,-1,-1,64,63,54,-1,15,-1,-1,-1,7,-1,-1,-1,141,52,10,-1,-1,-1,97,-1,-1,-1,13,-1,138,,,,,,,,,,,,,,,
118,64,75,3,62,36,131,46,27,70,113,106,29,67,42,16,143,137,103,40,73,69,60,50,25,13,55,150,21,98,53,95,107,17,72,78,22,92,23,112,1,39,26,58,20,94,8,34,90,142,76,102,111,43,83,88,37,41,61,140,89,100,35,9,116,51,121,12,115,104,147,49,47,74,93,32,68,86,99,130,57,81,82,110,109,48,96,108,44,126,146,30,114,128,4,5,2,91,117,101,124,123,11,135,38,66,10,80,18,77,148,65,145,144,14,63,24,127,54,45,133,97,129,28,19,31,136,71,120,122,59,105,79,6,56,-1,134,-1,-1,-1,-1,85,119,132,139,138,-1,149,-1,-1,-1,33,141,7,87,125,-1,52,-1,-1,15,84,,,,,,,,,,,,,,,,,,,,,,,,
107,66,21,139,14,63,65,115,73,138,81,34,100,55,121,98,33,50,74,140,105,32,39,46,58,10,26,69,1,59,92,53,131,30,150,19,72,13,91,23,75,117,11,2,5,126,29,106,27,8,90,77,97,128,146,120,88,44,57,70,35,17,137,99,78,7,113,40,49,110,101,52,104,22,3,80,67,94,83,112,123,20,102,56,37,62,43,119,96,109,108,93,122,47,24,147,144,4,12,114,45,85,42,18,111,9,130,38,118,89,71,41,136,64,79,87,15,142,60,28,129,116,95,143,124,54,36,132,134,61,31,103,68,48,76,6,51,127,133,82,25,84,145,-1,-1,125,-1,148,149,-1,-1,86,-1,-1,16,141,-1,-1,-1,-1,-1,-1,-1,-1,-1,135,,,,,,,,,,,,,,,,,,,,
126,144,85,130,122,76,116,141,94,108,134,99,149,88,79,125,117,118,114,20,28,103,93,37,87,123,59,4,115,67,43,104,12,147,146,42,109,46,110,143,24,82,25,137,98,69,51,120,100,78,139,70,10,62,36,83,49,34,95,16,54,133,39,18,113,148,105,45,22,17,3,31,131,72,91,64,129,55,56,40,26,27,128,2,80,23,142,101,33,90,57,132,73,77,19,106,136,124,150,65,107,32,92,140,112,63,44,53,30,84,75,74,66,102,68,21,111,41,13,96,15,29,97,35,58,127,8,81,121,145,38,71,-1,14,-1,-1,-1,5,47,-1,48,89,61,-1,119,-1,50,-1,-1,11,86,7,-1,52,9,6,-1,135,-1,138,-1,-1,-1,-1,-1,-1,-1,-1,-1,-1,-1,60,-1,-1,1,,,,,,,,,,,
111,71,104,70,15,117,27,49,57,36,9,103,52,2,45,14,128,3,90,75,8,66,67,55,41,56,97,20,28,138,108,69,1,82,47,79,91,18,21,4,144,73,143,37,106,25,101,92,124,76,39,130,107,93,58,40,26,150,23,112,46,61,115,17,98,89,38,102,140,43,34,88,6,118,50,62,122,11,42,32,113,83,72,147,100,5,131,80,126,94,95,74,29,22,44,123,30,65,31,99,86,119,51,110,13,114,109,16,81,121,149,35,48,142,64,105,120,116,127,137,125,129,19,53,139,146,77,78,136,-1,12,54,145,10,68,63,24,7,141,33,96,135,-1,-1,-1,-1,84,-1,-1,-1,132,-1,133,60,134,148,85,59,-1,-1,-1,-1,-1,-1,-1,-1,-1,87,,,,,,,,,,,,,,,,,,
53,113,68,120,19,67,13,1,61,34,101,66,75,59,46,8,92,132,52,72,38,36,24,40,142,27,105,73,138,56,78,107,2,93,12,90,76,30,15,136,70,22,111,94,9,31,57,116,29,146,23,4,150,98,104,124,95,114,45,44,41,82,37,91,106,139,63,100,58,88,18,39,127,5,112,51,102,25,115,16,47,49,74,83,35,80,85,99,89,65,122,48,21,3,110,97,43,28,128,118,117,135,14,11,10,71,129,32,121,108,69,130,7,147,42,109,54,141,79,64,62,26,123,140,84,103,125,143,137,126,17,50,134,133,149,55,131,77,144,96,145,86,-1,119,-1,33,-1,81,-1,20,-1,-1,-1,-1,-1,-1,-1,148,-1,-1,60,-1,-1,-1,-1,-1,-1,6,-1,87,,,,,,,,,,,,,,,,
41,32,118,144,121,24,125,100,88,23,84,104,74,111,77,122,93,126,136,12,79,3,146,20,109,103,90,149,113,127,44,87,47,145,61,50,4,115,139,148,95,94,45,110,137,101,119,16,39,114,19,117,36,76,112,18,48,11,81,2,43,31,123,51,70,128,140,33,133,26,116,86,106,68,21,147,131,135,60,62,53,42,37,28,25,73,105,56,99,17,91,57,71,80,40,67,69,22,142,29,7,78,102,65,150,30,6,134,141,107,143,52,130,66,27,75,59,82,98,132,89,92,38,8,85,55,108,15,49,10,58,35,97,46,9,120,5,96,129,54,124,34,13,83,72,-1,-1,-1,63,64,-1,-1,-1,14,138,1,,,,,,,,,,,,,,,,,,,,,,,,,,,,,,
104,109,84,124,18,131,78,82,127,91,92,149,34,28,85,108,43,133,81,118,145,12,122,77,132,44,103,121,117,83,105,7,97,142,119,49,113,37,102,22,15,33,140,96,143,19,25,139,55,99,123,31,147,74,57,14,9,26,107,69,144,129,46,125,110,36,24,79,2,120,146,134,101,58,86,66,71,93,68,88,23,67,53,62,106,136,27,141,73,21,39,56,5,8,35,76,3,29,54,100,72,148,137,52,89,111,65,20,95,51,50,115,30,41,40,150,87,130,61,126,75,112,135,38,80,4,98,45,11,32,6,94,116,60,42,10,16,114,90,70,64,48,-1,-1,-1,-1,128,17,47,-1,-1,63,-1,-1,-1,-1,138,-1,1,-1,-1,-1,-1,-1,-1,-1,13,-1,-1,-1,59,,,,,,,,,,,,,,,
2,67,19,52,61,112,142,13,106,35,90,8,101,65,60,72,30,68,3,82,37,53,40,75,57,132,76,120,105,26,15,18,98,46,21,9,1,39,138,124,78,56,73,12,111,115,137,25,74,94,146,114,92,95,107,104,150,91,44,36,102,88,31,38,63,5,23,127,113,140,7,27,129,70,16,93,69,42,118,47,34,99,123,4,28,43,83,100,97,80,32,116,11,29,147,85,49,145,134,41,14,48,22,128,45,79,51,110,58,109,66,108,117,89,121,144,148,62,77,24,136,119,87,130,122,149,103,126,139,33,86,135,96,55,81,54,20,143,50,-1,71,10,-1,-1,131,-1,125,59,64,84,17,133,-1,141,-1,-1,-1,-1,-1,-1,6,,,,,,,,,,,,,,,,,,,,,,,,,
52,19,113,2,68,53,74,62,90,120,142,76,82,105,66,33,8,67,101,1,107,13,3,59,30,38,35,132,39,77,57,72,9,14,56,46,150,106,136,11,138,21,124,22,75,117,73,58,31,104,92,96,29,45,129,70,44,36,98,93,63,139,89,115,112,17,40,125,23,5,111,7,146,25,24,41,114,18,47,69,50,37,88,122,43,83,108,28,128,32,94,97,99,26,100,4,91,85,116,147,102,12,80,130,118,15,121,65,149,143,48,110,42,148,51,27,140,78,87,10,79,60,86,119,109,123,16,145,71,64,34,137,84,127,49,103,55,135,54,126,61,95,141,81,20,131,134,144,-1,133,-1,-1,-1,-1,-1,-1,-1,-1,-1,-1,-1,-1,-1,-1,-1,-1,-1,-1,-1,-1,-1,-1,-1,-1,-1,-1,-1,-1,6,,,,,,,
23,129,35,12,143,127,133,28,107,26,82,77,78,91,62,83,106,113,43,144,100,124,19,132,44,93,149,86,81,101,24,119,115,139,84,122,142,57,5,140,120,118,49,112,67,145,146,99,40,98,108,123,21,96,18,17,34,148,104,31,69,74,55,71,87,14,131,2,45,109,56,10,125,73,134,38,25,79,121,105,72,92,90,136,68,51,54,27,39,103,141,42,22,111,20,64,150,30,88,3,36,8,65,58,6,29,33,126,76,102,52,137,37,94,47,114,85,110,50,75,135,4,147,7,46,32,53,80,13,9,48,95,16,41,130,60,117,66,116,15,11,138,89,70,-1,59,-1,97,128,-1,-1,-1,-1,-1,-1,-1,-1,-1,-1,-1,-1,1,-1,61,-1,63,,,,,,,,,,,,,,,,,,,,
35,28,129,127,108,26,82,91,62,113,144,100,124,19,93,43,149,86,83,23,133,81,101,3,145,24,12,115,122,132,143,139,142,44,49,112,84,5,96,146,99,120,56,67,77,40,140,17,119,21,34,118,123,18,148,74,55,69,14,78,107,98,2,87,71,109,57,10,73,38,104,25,121,105,150,106,66,31,134,72,88,131,92,68,90,125,53,103,54,42,79,141,65,64,51,22,58,20,111,36,29,6,126,33,102,76,147,75,137,52,37,94,27,47,30,85,39,114,130,61,8,45,110,80,4,7,11,32,46,13,9,60,95,116,41,15,89,-1,117,16,-1,-1,-1,-1,-1,50,48,138,136,97,128,70,63,135,-1,-1,1,-1,-1,-1,-1,-1,-1,-1,-1,-1,-1,-1,-1,-1,-1,-1,-1,-1,-1,-1,-1,-1,-1,-1,-1,-1,-1,-1,-1,59
25,107,120,62,142,74,33,59,30,39,138,57,66,13,38,132,52,53,56,73,9,14,150,68,113,90,67,19,35,93,17,101,105,77,11,2,136,76,1,8,46,26,75,117,31,72,96,115,104,82,83,106,44,91,37,41,58,70,146,23,139,80,92,63,102,40,112,89,4,47,88,24,111,69,22,125,3,36,114,98,122,18,94,124,48,45,50,43,7,97,128,118,100,21,145,29,99,116,32,5,12,28,15,10,85,121,148,129,135,140,147,109,78,42,108,130,110,71,143,51,27,87,84,79,86,137,123,103,126,34,65,141,133,64,134,131,149,81,55,20,54,49,95,127,144,-1,119,-1,-1,61,16,-1,-1,-1,-1,-1,-1,-1,-1,-1,-1,-1,-1,60,6,,,,,,,,,,,,,,,,,,,,,
127,11,144,36,126,28,24,104,43,82,78,92,114,125,20,88,83,25,99,80,94,101,149,22,119,115,132,96,57,44,133,120,84,118,5,109,77,145,34,67,147,98,122,21,49,140,143,137,42,18,106,142,100,54,10,121,107,112,74,86,16,2,62,45,17,108,29,148,124,56,30,110,134,123,65,129,90,53,3,131,79,89,26,55,91,41,71,73,141,39,102,150,37,23,72,19,75,7,33,130,58,69,136,68,76,103,52,111,51,139,38,8,35,93,46,31,113,66,146,63,105,81,4,50,32,13,9,27,12,59,60,116,117,40,-1,70,1,-1,95,-1,14,47,48,64,135,61,85,128,-1,-1,-1,-1,-1,97,15,138,-1,-1,6,87,,,,,,,,,,,,,,,,,,,,,,,,,,
70,27,16,63,36,60,106,8,64,47,118,29,39,137,69,67,40,57,79,9,55,50,13,2,53,75,21,131,96,43,72,23,18,104,17,22,74,103,26,88,90,76,92,113,1,20,142,144,41,124,129,99,98,101,150,38,140,73,3,61,34,116,147,107,93,115,6,82,94,81,35,30,25,11,42,46,121,49,32,109,48,130,28,95,5,128,58,4,112,102,31,146,143,83,117,12,86,114,135,91,100,89,66,123,37,14,62,24,45,44,108,80,10,126,65,119,145,111,19,68,122,85,136,127,56,125,110,139,77,120,105,52,-1,-1,7,33,148,51,149,78,-1,-1,71,141,87,97,-1,54,133,-1,-1,15,132,-1,-1,-1,-1,-1,-1,-1,84,-1,-1,134,-1,-1,-1,-1,-1,138,-1,-1,-1,-1,-1,-1,-1,-1,-1,-1,-1,-1,-1,-1,59,
30,86,128,44,141,103,122,109,119,37,98,126,20,99,124,79,135,116,113,146,88,137,89,139,23,104,123,93,76,60,22,144,94,115,143,114,67,148,77,118,16,62,46,82,149,42,12,108,50,147,25,105,28,3,49,100,125,53,111,34,117,70,95,132,19,26,72,80,33,130,10,87,4,17,83,39,54,69,21,55,136,150,56,112,40,101,36,131,106,142,2,45,66,129,73,90,64,74,41,24,18,58,8,133,29,78,32,27,91,68,145,107,140,31,43,102,92,6,134,110,35,7,15,57,96,61,65,75,48,5,97,51,120,38,11,121,71,47,14,81,85,-1,-1,9,52,-1,127,13,-1,-1,1,-1,-1,-1,59,-1,-1,84,-1,-1,-1,-1,63,-1,138,,,,,,,,,,,,,,,,,,,,,
86,40,119,100,84,122,110,32,140,101,12,121,125,22,136,23,146,103,20,93,111,127,104,89,126,76,116,95,47,88,137,145,61,79,50,113,112,3,149,44,139,148,94,108,43,37,19,102,16,117,118,35,49,143,77,115,62,17,70,11,67,81,26,105,4,147,25,131,51,33,71,129,42,21,80,132,124,114,45,74,69,2,65,87,73,91,135,60,38,41,150,99,24,142,106,18,7,56,75,53,90,57,6,66,31,68,30,107,64,134,78,144,28,39,109,83,29,54,82,92,46,34,14,98,10,58,27,120,52,141,8,130,5,123,55,36,72,-1,138,-1,9,128,85,96,-1,13,15,-1,97,-1,-1,48,-1,63,-1,-1,-1,133,59,-1,-1,-1,-1,-1,-1,-1,-1,-1,-1,-1,-1,1,,,,,,,,,,,,,,
92,104,53,118,50,64,60,26,13,67,16,36,102,41,1,3,131,39,25,46,143,30,113,57,40,55,8,2,69,75,91,90,106,71,76,72,73,20,95,15,74,9,115,4,124,112,78,142,32,103,27,62,137,23,94,93,111,83,82,43,58,45,139,150,100,22,37,88,107,18,42,98,61,81,35,128,29,101,120,116,12,33,49,123,96,21,5,126,147,7,47,68,86,51,28,117,110,31,114,144,44,14,129,99,11,89,70,146,80,141,130,24,85,38,133,59,136,122,105,127,109,108,34,54,125,56,84,79,66,19,77,65,149,63,121,119,140,52,10,-1,-1,-1,17,148,145,-1,135,-1,138,-1,97,132,-1,-1,-1,-1,48,87,-1,134,-1,-1,-1,-1,-1,-1,-1,-1,-1,-1,6,,,,,,,,,,,,,,,
143,35,24,133,127,83,28,43,25,11,106,113,132,44,149,126,19,99,140,125,87,23,115,80,101,120,84,104,92,122,96,57,118,112,98,5,40,144,100,21,77,119,17,145,34,121,18,93,142,139,49,109,105,82,54,10,74,71,148,110,2,86,131,16,29,124,62,67,56,73,134,123,78,65,38,108,64,88,130,26,31,79,51,72,3,55,30,42,102,22,20,69,75,91,37,7,45,58,90,129,76,39,33,111,103,53,36,52,94,47,114,150,68,63,107,81,147,46,27,146,12,32,9,48,8,60,95,117,4,50,137,15,128,66,141,59,116,41,85,138,70,136,1,89,-1,-1,-1,-1,135,-1,14,-1,13,-1,-1,-1,-1,-1,-1,61,97,-1,-1,-1,-1,-1,-1,-1,-1,-1,-1,-1,-1,-1,6,,,,,,,,,,,
66,141,114,107,74,121,90,105,82,33,14,98,57,73,52,1,32,58,39,50,68,135,78,19,34,62,24,67,2,72,101,47,27,56,13,150,132,11,8,76,59,30,139,106,23,91,9,126,75,5,29,26,116,31,46,97,83,128,117,35,93,44,146,70,104,99,3,92,137,65,80,113,20,40,88,18,41,122,124,63,17,108,109,94,111,4,25,7,48,43,36,115,147,119,102,145,12,96,69,38,136,21,100,112,15,45,42,89,85,129,120,55,53,79,138,61,28,140,64,130,118,84,127,71,142,143,37,123,6,110,134,131,10,81,103,22,144,149,49,-1,86,51,77,133,-1,-1,-1,-1,125,-1,148,95,16,54,-1,-1,60,-1,-1,-1,-1,-1,-1,-1,-1,-1,-1,-1,87,,,,,,,,,,,,,,,,,
61,2,112,67,76,92,19,3,35,65,13,46,72,60,39,30,132,37,40,142,52,75,8,69,73,105,101,53,9,1,98,26,16,58,137,18,138,107,78,90,56,12,150,25,21,70,94,88,23,115,57,22,95,114,103,44,129,42,120,99,140,63,111,100,147,38,82,93,7,113,102,127,27,51,118,15,34,106,80,85,110,47,83,43,97,36,124,74,29,4,28,32,128,130,123,146,109,108,48,117,116,66,145,49,134,11,91,41,71,5,14,45,148,149,31,54,10,79,144,141,64,89,24,68,62,77,86,136,96,119,139,121,122,104,126,17,135,131,59,55,50,81,133,20,6,84,143,33,-1,-1,-1,-1,-1,125,-1,-1,-1,-1,-1,-1,-1,87,,,,,,,,,,,,,,,,,,,,,,,,
133,124,62,110,132,43,129,127,104,12,34,105,18,108,25,84,91,44,85,92,26,118,81,145,83,102,117,55,142,121,23,96,122,140,6,119,28,49,38,82,146,97,107,33,16,99,74,19,78,149,77,144,143,139,100,3,123,67,113,56,147,69,9,88,14,46,109,130,31,71,24,29,73,125,120,134,36,58,79,65,30,103,131,150,93,68,66,2,37,72,136,53,111,106,54,51,89,86,22,39,27,75,57,5,8,64,41,21,20,101,137,40,95,50,52,126,35,115,112,87,80,148,98,61,7,48,4,47,45,94,76,114,60,42,17,90,70,116,-1,32,-1,1,-1,-1,15,-1,141,11,-1,138,-1,10,-1,-1,-1,-1,128,-1,-1,135,13,-1,-1,-1,-1,-1,63,-1,59,,,,,,,,,,,,,,,,,
119,65,36,26,67,13,92,69,16,50,3,90,53,131,106,75,60,72,8,30,82,113,143,41,9,137,95,39,78,46,71,76,25,20,15,94,55,142,2,73,115,112,27,103,105,98,93,1,102,107,111,32,57,58,43,129,40,4,139,89,61,37,150,5,101,100,35,128,42,23,120,45,147,83,12,49,33,62,81,123,108,116,21,126,99,31,146,114,144,86,44,124,135,18,22,68,11,38,14,47,80,51,48,74,110,122,88,109,28,91,10,66,96,117,70,133,118,121,104,34,97,141,125,19,29,24,79,17,145,54,149,87,64,140,77,130,63,84,136,85,-1,132,-1,7,134,56,-1,127,52,-1,-1,59,-1,138,6,-1,148,,,,,,,,,,,,,,,,,,,,,,,,,,,,,
60,51,92,69,112,68,35,90,2,13,53,82,26,120,19,143,105,76,106,61,98,46,1,65,8,131,72,30,25,37,40,39,75,102,57,73,9,16,94,107,18,78,12,124,93,139,3,70,150,137,22,111,74,116,4,55,91,32,21,29,95,103,113,129,45,140,36,43,62,58,99,42,81,100,101,83,38,5,127,114,7,28,52,23,118,147,15,47,67,34,85,49,48,123,27,31,88,110,66,44,128,115,134,96,41,146,117,79,11,122,144,148,141,71,86,149,77,109,89,108,14,121,54,24,87,138,119,135,104,125,126,33,17,136,50,84,133,64,56,132,80,145,20,130,142,-1,-1,-1,-1,-1,-1,-1,-1,-1,-1,-1,-1,-1,10,-1,-1,-1,-1,-1,-1,-1,-1,97,-1,6,-1,-1,-1,-1,59,-1,63,,,,,,,,,
130,143,23,77,91,100,43,108,124,19,133,44,35,113,86,101,12,81,132,127,24,119,116,120,96,28,56,84,5,49,149,3,112,83,139,144,62,118,99,40,93,145,142,34,123,103,107,148,67,55,122,45,14,109,125,26,17,57,134,88,73,78,21,10,37,79,98,106,105,146,87,69,71,82,131,140,74,121,29,92,27,72,129,39,18,104,111,20,22,2,51,58,54,36,25,8,33,147,6,68,38,53,90,141,137,150,76,136,102,30,126,48,114,4,94,110,50,7,31,46,95,16,42,9,41,52,66,89,65,75,61,63,80,135,115,1,47,11,-1,128,32,117,-1,-1,-1,-1,-1,60,59,85,138,-1,64,13,-1,-1,97,-1,15,70,,,,,,,,,,,,,,,,,,,,,,,,,,
106,93,115,65,140,2,14,121,100,52,73,47,24,57,50,74,69,135,62,66,34,107,30,76,32,33,98,26,139,13,11,150,19,21,9,39,78,132,90,59,72,23,1,8,56,105,126,94,113,75,116,5,146,27,97,92,104,118,46,91,128,35,40,137,80,82,101,4,41,44,17,20,58,18,70,124,7,54,63,122,111,109,112,108,129,85,89,37,25,147,120,43,67,145,3,88,83,45,42,12,15,77,99,102,119,96,149,55,68,79,31,136,64,138,38,48,114,143,117,29,142,28,103,110,127,86,141,131,36,51,71,81,123,130,53,49,22,144,-1,6,148,-1,-1,95,125,16,-1,-1,87,10,-1,-1,-1,-1,-1,61,133,134,84,-1,-1,-1,-1,-1,60,,,,,,,,,,,,,,,,,,,,,
124,44,149,81,100,91,130,102,85,112,145,119,140,35,24,116,139,127,108,84,96,43,142,28,77,92,5,133,118,113,19,67,23,33,99,123,122,21,82,83,132,103,148,56,55,26,14,10,12,69,120,71,109,40,134,143,144,78,18,57,125,25,36,49,79,107,146,121,106,74,98,62,105,64,87,17,42,2,31,27,141,39,30,129,72,20,104,3,93,131,22,88,90,65,136,73,6,75,37,58,66,34,101,147,94,54,38,61,114,150,111,86,135,29,45,4,126,76,53,7,16,128,115,41,89,110,68,137,70,8,11,32,-1,80,51,-1,-1,-1,63,9,-1,97,52,50,46,47,60,95,117,15,-1,-1,59,48,-1,-1,-1,-1,-1,-1,-1,-1,-1,13,-1,-1,-1,138,-1,1,,,,,,,,,,,,,,,,
98,142,124,20,45,94,83,78,37,43,88,115,127,80,11,28,114,140,137,102,120,86,95,126,107,143,133,49,58,112,4,116,147,42,109,132,3,100,17,24,145,110,31,99,119,51,69,71,62,77,84,46,144,149,122,16,121,106,123,130,79,22,64,25,55,65,150,104,111,91,93,148,10,29,90,54,56,41,26,82,134,73,101,141,125,108,23,19,57,35,7,131,36,76,67,32,74,2,18,72,89,105,139,21,34,61,113,44,92,85,103,30,8,5,39,146,27,129,52,48,38,117,33,12,118,53,75,40,138,68,128,66,-1,1,96,14,-1,-1,97,47,136,-1,60,59,50,-1,70,-1,-1,-1,81,-1,9,-1,-1,-1,135,-1,-1,15,63,13,-1,-1,87,-1,-1,-1,-1,-1,-1,-1,6,,,,,,,,,,,,,
78,125,20,108,130,115,97,88,79,146,93,22,37,11,133,102,104,124,119,114,83,142,98,137,94,144,143,87,24,4,116,127,77,43,147,99,42,109,121,46,49,32,110,122,28,10,36,149,51,2,82,100,84,106,131,123,18,55,72,45,134,120,80,3,26,30,67,16,126,111,150,17,66,148,62,91,58,27,140,53,68,41,25,40,141,57,136,38,107,8,71,64,101,73,90,23,19,35,132,105,145,139,34,54,92,44,56,69,74,61,112,129,113,21,85,103,89,81,6,13,50,12,5,31,15,118,117,59,39,76,29,70,75,96,63,65,48,14,-1,135,-1,-1,86,-1,-1,95,47,-1,7,-1,9,52,33,-1,-1,-1,-1,-1,-1,-1,128,-1,138,-1,-1,-1,-1,-1,-1,-1,60,-1,-1,-1,-1,-1,-1,-1,-1,-1,1,,,,,
75,50,65,119,98,69,102,131,53,68,30,38,41,16,40,138,78,60,55,25,13,62,9,150,92,95,58,143,20,35,106,141,15,70,23,32,111,88,105,27,2,1,72,147,8,90,76,46,83,4,26,43,37,57,61,103,99,100,5,139,113,36,116,93,115,120,12,42,112,49,66,47,33,107,45,110,82,81,85,67,22,101,108,48,128,130,109,96,94,44,3,126,144,11,124,135,18,80,91,123,39,117,10,28,14,74,73,148,145,142,21,122,134,87,29,118,129,63,136,89,31,114,77,104,146,121,137,125,64,24,133,19,6,34,132,79,-1,140,71,97,-1,-1,56,51,149,-1,7,86,127,52,-1,-1,-1,17,-1,-1,84,54,-1,-1,-1,-1,-1,-1,-1,-1,-1,-1,-1,-1,-1,-1,-1,59,,,,,,,,,,,,
17,1,64,27,75,113,118,60,36,143,69,13,8,103,71,90,76,46,131,41,50,2,57,53,98,67,40,9,82,73,20,137,104,25,95,107,39,62,72,55,30,15,112,142,150,34,102,26,147,93,18,124,115,111,91,23,21,37,43,129,99,92,3,78,22,88,42,140,61,94,81,100,83,106,58,35,101,128,116,5,29,7,121,74,51,12,4,32,66,47,86,89,123,110,109,28,96,48,44,126,49,31,108,117,114,144,45,11,38,80,70,149,14,54,146,145,141,136,68,122,65,24,133,120,105,84,138,56,19,134,79,132,148,77,127,52,139,87,33,130,16,-1,6,-1,97,-1,-1,119,85,125,-1,-1,-1,10,-1,135,-1,-1,-1,-1,-1,-1,-1,-1,-1,-1,-1,-1,-1,-1,63,59,,,,,,,,,,,,,,
141,114,1,19,66,107,52,93,50,121,68,74,33,98,14,105,47,24,57,135,101,73,34,67,2,9,32,90,27,39,76,13,56,150,92,59,17,139,106,30,11,126,91,23,72,8,62,3,58,132,112,82,75,29,116,5,146,117,78,104,97,40,94,35,137,25,99,46,80,41,4,70,44,124,100,7,20,51,113,102,21,31,18,111,45,63,122,53,26,69,110,109,83,88,129,36,147,43,119,128,115,145,89,85,96,12,136,15,130,120,42,143,138,77,28,79,48,95,118,55,108,38,142,37,123,65,140,64,149,49,125,133,54,61,22,86,84,103,148,71,127,144,-1,6,16,81,87,10,131,-1,-1,-1,-1,-1,-1,60,134,,,,,,,,,,,,,,,,,,,,,,,,,,,,,
100,128,44,149,11,87,81,101,126,24,124,28,119,145,35,19,113,23,115,139,142,143,84,133,122,43,107,57,49,5,83,77,144,67,108,17,93,99,132,34,105,31,121,18,54,104,40,15,120,118,10,2,71,86,140,131,96,125,56,73,92,62,134,30,25,78,148,98,123,106,110,72,112,136,130,68,53,91,82,21,55,38,39,103,74,42,45,147,79,26,58,129,6,33,76,3,22,37,102,111,69,88,36,90,141,20,85,64,150,94,47,135,4,97,80,29,7,32,46,109,9,48,8,65,50,75,146,66,60,137,51,12,27,52,114,117,127,59,41,89,116,-1,-1,-1,63,14,95,-1,-1,-1,13,16,-1,-1,-1,-1,61,70,-1,-1,-1,-1,-1,138,-1,-1,-1,-1,-1,-1,1,,,,,,,,,,,,,,,
12,38,123,32,128,86,44,120,109,126,121,141,135,101,47,22,79,21,111,143,116,89,125,95,61,118,23,103,4,76,93,88,83,144,67,146,148,114,43,25,137,149,108,20,102,36,139,113,77,16,50,19,35,17,11,82,105,131,115,117,31,51,33,124,132,74,130,65,64,147,49,104,2,112,73,40,87,70,62,3,90,94,58,98,26,71,80,54,27,150,100,55,129,136,41,91,142,24,106,18,57,30,29,6,133,7,78,66,107,69,28,75,92,110,140,60,52,39,84,42,99,8,46,45,81,145,34,119,127,56,53,37,138,68,1,5,-1,-1,15,122,-1,72,-1,-1,96,9,-1,85,14,13,10,-1,-1,-1,-1,97,-1,-1,-1,-1,-1,63,-1,48,-1,-1,134,-1,-1,59,,,,,,,,,,,,,,,,
76,75,8,16,3,98,26,119,72,131,41,30,50,90,68,69,38,65,53,60,138,105,62,58,82,40,73,1,46,78,140,70,35,13,20,15,95,22,27,103,102,92,83,43,32,2,129,55,45,106,107,91,94,112,42,61,116,139,100,9,111,89,128,37,5,113,143,49,25,115,51,120,12,47,34,85,123,110,57,81,67,23,48,96,29,44,126,146,114,31,93,144,88,135,101,39,4,11,124,14,10,122,71,36,149,18,64,54,63,59,117,28,118,74,134,99,21,97,125,19,104,56,150,133,121,132,109,77,147,17,130,108,24,-1,-1,137,80,148,142,79,-1,-1,84,-1,66,87,-1,-1,-1,86,-1,145,7,127,141,33,52,136,-1,-1,-1,-1,-1,-1,-1,-1,-1,-1,-1,-1,-1,-1,-1,-1,-1,-1,-1,-1,-1,-1,-1,6,,,,
77,100,86,126,145,140,93,129,24,119,143,83,144,115,91,139,81,78,26,122,124,84,96,23,133,107,142,35,43,106,5,49,99,19,101,118,146,40,108,132,44,34,123,28,10,62,104,12,148,120,71,149,55,14,87,57,45,109,125,134,3,113,25,67,56,69,79,64,65,98,105,121,150,88,17,72,92,130,53,39,42,141,103,22,82,38,112,30,131,66,111,6,68,58,127,2,73,18,76,102,147,37,94,137,54,90,47,74,36,114,33,20,21,61,75,135,80,4,29,50,11,13,16,117,110,116,41,31,89,70,1,-1,-1,51,27,8,136,-1,-1,46,-1,-1,63,32,-1,-1,97,7,95,-1,52,-1,85,9,48,128,-1,-1,-1,-1,-1,15,-1,-1,-1,-1,138,-1,-1,60,-1,-1,-1,-1,-1,-1,59,,,,,,,,,
83,25,132,99,35,125,20,113,44,133,94,127,11,43,28,87,119,80,23,115,92,140,120,82,84,126,106,101,149,118,145,122,96,98,112,57,5,41,24,100,21,17,34,104,121,107,31,18,109,54,16,10,2,71,143,144,137,142,77,67,108,124,86,74,131,49,56,73,134,78,38,65,148,62,123,79,110,136,55,129,51,30,22,102,19,29,72,90,75,3,26,91,27,42,58,130,37,103,7,8,93,36,52,46,33,139,69,150,39,63,85,105,111,114,147,45,81,12,32,9,48,53,60,146,95,128,15,116,68,66,117,40,76,4,89,88,138,70,-1,-1,-1,-1,50,-1,47,-1,-1,64,-1,141,-1,-1,14,-1,1,-1,-1,61,-1,-1,-1,-1,-1,135,13,97,-1,-1,-1,-1,-1,6,-1,-1,-1,-1,-1,-1,-1,59,,,,,,
63,21,117,55,81,105,64,19,66,73,52,138,1,93,120,107,2,15,78,67,35,100,90,8,51,141,48,75,32,31,37,98,140,11,71,25,30,56,57,12,131,104,10,70,126,114,150,118,26,88,3,33,5,144,29,108,77,92,50,22,127,18,97,43,94,83,123,34,39,136,103,41,69,4,109,121,14,23,74,99,24,58,79,7,44,59,62,84,119,112,129,106,47,20,96,42,102,53,130,110,40,111,68,113,91,13,122,45,17,137,9,72,146,80,139,116,65,38,85,76,28,86,143,149,115,89,145,54,101,142,124,36,46,49,148,125,132,95,87,61,82,16,128,134,27,133,147,-1,-1,-1,60,6,-1,-1,-1,-1,-1,-1,-1,-1,-1,135,,,,,,,,,,,,,,,,,,,,,,,,
