7,59,86,63,42,69,31,37,73,21,68,1,101,47,49,13,27,16,11,34,4,10,93,33,35,61,3,76,81,43,106,96,71,2,83,90,9,109,91,66,102,18,15,20,99,98,94,65,55,105,38,97,64,48,67,28,108,23,56,84,72,50,52,5,24,12,22,57,88,104,17,103,87,41,26,58,78,107,89,60,19,77,70,80,54,8,45,29,32,92,44,82,100,75,46,85,6,51,95,39,53,74,62,36,79,25,110,40,30,-1,-1,14,,,,,,,,,,,,,,,,,,,,,,,,,,,,,
34,4,91,58,93,99,25,51,48,81,88,44,82,57,77,17,107,75,56,65,73,63,37,64,27,9,68,108,42,19,66,28,16,47,100,33,96,89,110,14,3,24,12,101,60,54,62,43,11,1,104,72,40,49,76,15,46,92,74,5,71,31,78,6,85,83,55,53,30,18,35,86,23,79,80,8,52,50,13,22,70,103,10,7,39,105,67,84,109,41,21,26,69,45,61,95,98,106,32,97,20,90,59,102,-1,29,38,2,87,94,-1,-1,-1,-1,-1,-1,-1,-1,-1,-1,36,,,,,,,,,,,,,,,,,,,,
52,55,3,15,40,106,63,71,9,35,67,5,30,6,46,75,48,70,37,95,28,80,8,91,53,72,102,18,31,22,88,23,109,108,78,45,101,57,7,76,21,51,59,2,34,81,90,66,86,99,49,61,96,32,44,24,107,84,103,94,74,77,98,42,104,69,65,4,56,105,16,85,89,97,19,73,14,1,27,11,82,36,26,33,100,87,92,43,50,47,79,54,62,13,12,64,58,68,10,110,83,29,-1,17,-1,60,-1,41,-1,-1,-1,25,-1,-1,-1,-1,-1,-1,-1,20,-1,-1,-1,-1,39,-1,93,38,,,,,,,,,,,,,
37,56,96,6,92,52,46,104,34,90,84,58,109,68,20,19,95,38,33,44,48,70,47,27,82,23,53,25,2,80,69,64,18,98,31,22,88,106,13,74,11,97,101,67,8,94,105,10,87,43,71,81,55,26,86,89,12,49,41,54,17,59,100,62,107,65,83,79,73,99,42,9,75,57,30,21,63,3,28,85,35,1,60,93,16,32,39,7,76,78,91,5,66,4,77,103,15,108,50,72,-1,-1,-1,-1,51,-1,-1,-1,45,-1,61,29,40,14,-1,-1,-1,-1,24,102,-1,36,-1,-1,-1,-1,-1,-1,-1,110,,,,,,,,,,,
1,12,58,86,52,31,56,97,104,28,64,74,2,84,18,44,98,90,10,66,13,68,101,77,38,53,92,69,103,106,20,60,79,33,59,5,8,35,34,95,54,63,87,89,105,25,43,11,94,26,27,100,107,16,96,62,41,91,102,71,32,45,37,85,93,99,39,21,42,57,78,46,110,36,65,70,75,61,73,48,23,3,49,17,50,22,47,4,108,72,30,55,6,15,67,109,88,76,40,19,9,51,-1,-1,-1,7,80,83,-1,29,81,-1,82,24,-1,14,,,,,,,,,,,,,,,,,,,,,,,,,
10,69,20,66,30,93,103,77,13,14,72,27,49,83,59,26,109,81,51,39,5,50,90,3,44,104,60,73,65,88,56,79,29,17,106,86,75,61,70,40,53,94,22,85,82,18,8,110,37,28,67,41,46,97,62,48,7,68,25,32,33,100,64,45,102,57,98,99,38,47,2,96,35,23,55,6,21,31,84,24,63,78,95,54,87,76,16,12,89,15,42,92,74,11,4,1,52,9,101,108,71,34,58,-1,-1,19,-1,91,-1,105,80,-1,-1,-1,-1,-1,107,43,-1,-1,-1,-1,-1,-1,-1,-1,-1,-1,-1,-1,-1,-1,-1,-1,-1,-1,36,,,,
69,109,22,11,66,48,19,103,10,71,41,104,42,77,60,32,79,68,23,83,38,89,27,96,26,102,61,40,88,59,49,105,90,110,5,87,4,74,85,56,106,76,82,53,15,39,93,21,81,80,13,14,16,100,51,67,98,29,1,46,24,7,33,108,45,101,12,43,20,54,97,44,78,91,47,50,57,28,107,55,17,99,25,18,35,62,37,64,58,34,72,75,31,63,6,65,3,73,30,70,86,52,9,84,8,-1,-1,-1,94,36,-1,-1,-1,-1,-1,-1,-1,-1,-1,-1,92,-1,2,-1,-1,-1,-1,-1,95,,,,,,,,,,,,
38,61,110,62,72,28,106,99,14,57,33,21,94,54,52,23,81,64,12,88,29,24,1,42,40,82,83,45,30,16,4,84,56,41,11,53,85,19,105,34,80,9,79,71,35,51,17,8,100,68,10,7,25,89,109,101,86,36,32,44,6,69,102,43,20,97,95,31,59,37,98,48,49,46,60,107,2,67,76,27,74,91,96,108,18,15,78,77,66,103,75,73,3,65,55,63,104,70,13,5,47,26,50,90,93,-1,-1,-1,-1,-1,22,-1,-1,-1,-1,-1,-1,-1,-1,-1,-1,-1,-1,-1,-1,-1,39,87,92,-1,58,,,,,,,,,,
59,63,7,43,86,98,73,64,47,93,21,33,68,3,34,91,80,8,44,99,32,83,65,16,20,106,38,58,84,95,108,4,69,53,22,50,70,23,17,2,37,102,88,15,56,101,55,18,10,109,11,57,72,41,78,76,87,26,107,62,42,89,71,97,27,28,81,96,54,48,49,35,45,60,90,5,19,13,92,75,46,9,67,6,12,31,29,104,105,51,52,74,1,77,85,66,103,100,79,30,-1,-1,14,-1,82,61,-1,-1,-1,-1,40,-1,-1,25,94,-1,39,-1,-1,24,-1,-1,-1,-1,-1,-1,110,-1,-1,-1,-1,36,,,,,,,,,
6,15,37,36,2,55,35,45,63,96,92,46,54,97,16,94,70,23,104,19,105,52,26,1,108,11,100,60,71,12,32,78,57,21,95,68,50,80,76,84,99,7,17,59,4,29,41,13,56,65,73,67,24,10,98,75,101,20,49,47,3,87,31,109,83,86,25,106,18,28,9,40,90,72,107,30,89,91,74,5,33,69,88,62,85,64,44,8,51,79,110,38,48,82,66,77,102,103,81,34,22,42,43,-1,27,-1,-1,-1,-1,-1,-1,-1,14,-1,53,-1,-1,61,-1,39,-1,93,-1,-1,-1,-1,-1,-1,-1,-1,-1,-1,-1,-1,-1,-1,58,,,,
94,18,57,51,95,35,37,90,100,49,44,28,25,79,8,82,108,99,15,73,110,72,107,58,42,56,85,65,20,74,31,101,46,43,1,3,66,67,75,91,47,5,77,103,48,86,33,76,16,52,7,62,14,38,64,97,30,63,88,60,55,34,81,11,78,9,50,80,23,70,104,4,27,54,24,84,6,40,109,83,68,41,71,19,53,21,10,13,29,106,102,17,96,12,87,69,61,92,45,93,98,105,89,22,-1,-1,-1,59,26,-1,32,-1,2,-1,36,39,,,,,,,,,,,,,,,,,,,,,,,,,
55,51,68,47,6,13,77,9,37,72,27,30,5,95,29,48,85,76,41,70,91,101,88,2,66,107,97,64,23,98,8,104,7,102,32,18,103,79,45,49,22,108,57,74,81,33,59,61,96,69,78,34,92,106,99,36,4,89,15,21,44,42,86,73,52,94,31,75,65,109,12,53,63,3,1,14,38,82,58,25,16,35,90,100,67,71,87,10,11,39,54,62,46,93,50,56,83,19,80,84,28,17,105,40,60,-1,-1,-1,-1,-1,26,-1,43,-1,-1,-1,-1,-1,-1,110,20,24,,,,,,,,,,,,,,,,,,,
68,3,60,95,50,63,87,38,2,75,30,40,73,7,97,107,33,69,65,31,14,104,22,41,84,54,89,92,25,62,82,5,102,9,48,101,20,43,78,8,70,74,109,13,71,61,16,45,19,36,17,94,42,85,12,32,88,1,72,28,96,98,66,51,77,93,47,76,103,44,106,55,57,6,99,105,108,15,86,52,29,67,11,49,24,4,56,90,34,83,39,81,64,53,58,10,100,35,46,91,27,59,26,18,80,37,21,-1,23,-1,-1,-1,-1,-1,-1,-1,110,-1,79,,,,,,,,,,,,,,,,,,,,,,
109,22,83,64,103,85,32,41,98,11,71,78,104,90,17,88,96,101,61,48,69,18,79,10,6,62,35,66,89,23,42,77,38,27,26,47,59,49,55,73,14,67,40,105,72,44,110,75,91,46,12,63,54,3,1,29,52,4,76,74,39,81,93,80,51,8,16,50,87,30,21,13,7,28,100,53,24,65,82,108,60,106,9,15,34,84,5,70,33,58,56,45,68,43,37,107,19,94,20,99,31,86,57,-1,-1,36,97,25,95,92,-1,-1,-1,-1,102,-1,-1,-1,-1,-1,-1,-1,-1,-1,-1,2,,,,,,,,,,,,,,,
42,86,14,50,38,30,1,102,95,107,5,71,103,8,69,31,32,60,54,101,52,40,21,9,13,28,94,2,74,109,85,55,47,6,16,78,12,25,98,43,97,62,7,19,73,64,45,20,36,84,70,75,61,93,105,96,65,72,3,17,41,15,57,67,63,66,99,48,44,76,108,91,29,90,58,51,34,11,87,77,56,104,68,39,4,26,88,106,92,24,33,83,10,46,49,100,35,89,59,27,18,37,81,80,22,-1,53,23,-1,-1,-1,82,-1,-1,79,-1,-1,-1,110,,,,,,,,,,,,,,,,,,,,,,
44,107,93,91,27,77,34,15,58,25,81,76,51,72,57,11,88,56,99,4,64,17,48,82,89,66,19,16,14,37,9,33,42,54,63,28,68,47,96,62,24,71,110,43,85,92,5,100,46,78,53,65,101,55,18,83,73,75,31,6,13,40,23,104,3,49,79,60,86,7,50,12,74,30,105,35,1,80,22,103,26,70,108,41,109,39,32,21,52,84,69,61,106,67,29,45,8,20,98,10,97,-1,90,-1,2,-1,59,36,-1,-1,102,95,94,-1,-1,38,87,,,,,,,,,,,,,,,,,,,,,,,,
23,28,103,83,108,74,100,94,41,54,38,60,110,18,81,52,49,34,21,24,50,29,3,73,70,40,106,31,61,91,5,85,65,75,9,30,84,16,88,33,55,78,35,46,90,22,51,79,8,89,45,13,17,68,14,11,63,47,97,101,57,10,99,1,42,6,86,71,109,77,48,25,44,37,66,32,15,76,20,69,67,102,62,64,72,12,104,56,59,105,96,27,107,26,39,4,-1,7,53,-1,-1,-1,82,43,-1,-1,19,-1,98,-1,-1,80,-1,-1,-1,95,92,-1,87,-1,-1,2,93,58,-1,-1,36,,,,,,,,,,,,,,
99,42,80,70,49,33,23,84,105,41,17,88,58,94,86,15,25,52,40,50,71,1,91,18,110,108,28,11,44,5,83,35,82,56,30,106,61,31,9,36,89,100,67,81,79,8,37,78,13,16,101,68,10,62,73,66,109,27,7,34,85,63,97,69,65,102,32,46,74,14,75,76,60,47,77,55,3,64,96,4,12,72,21,48,103,19,54,6,39,90,22,59,24,104,43,29,51,95,107,57,26,-1,-1,53,45,98,-1,-1,-1,-1,-1,-1,-1,-1,-1,-1,-1,20,2,93,-1,38,-1,92,87,,,,,,,,,,,,,,,,
91,25,12,101,81,34,51,58,88,44,48,93,77,9,82,110,42,108,68,100,107,37,16,17,96,89,15,72,56,47,1,92,24,76,74,46,31,78,6,28,43,33,85,55,57,4,83,27,104,53,79,86,23,103,65,64,99,11,75,66,60,49,14,40,5,7,3,73,35,21,26,18,50,67,41,63,109,71,62,84,45,54,52,22,70,36,30,32,106,80,19,102,105,8,13,98,69,10,90,38,94,-1,-1,97,-1,-1,87,29,-1,-1,95,59,-1,2,61,-1,20,-1,-1,-1,-1,-1,-1,-1,-1,39,,,,,,,,,,,,,,,
85,29,42,53,107,25,39,59,108,79,24,35,62,32,68,30,51,12,5,67,102,46,36,70,71,38,80,56,110,83,64,31,10,65,75,92,17,13,93,52,9,3,60,26,94,34,98,54,76,104,50,78,95,57,40,2,74,33,109,1,77,91,63,21,28,45,8,86,47,101,4,49,14,48,6,66,96,106,18,82,100,15,19,43,20,37,72,16,103,61,58,89,55,97,44,11,73,99,105,90,88,84,69,81,7,23,-1,27,-1,22,87,-1,41,,,,,,,,,,,,,,,,,,,,,,,,,,,,
76,49,90,26,78,102,59,72,16,84,74,89,108,17,100,42,110,96,4,20,94,107,34,37,15,73,65,29,86,63,75,27,77,12,70,62,24,45,3,81,6,14,41,33,9,52,91,99,1,40,82,50,5,54,47,57,67,31,46,48,18,64,11,79,35,60,19,83,51,68,30,56,53,80,22,25,13,104,10,38,71,66,8,103,21,55,101,61,44,23,106,88,109,69,-1,7,-1,28,-1,-1,105,98,85,-1,97,95,-1,39,-1,32,-1,43,-1,-1,-1,2,93,-1,-1,92,87,-1,-1,-1,-1,-1,-1,-1,-1,-1,36,58,,,,,,,,,
30,80,82,60,19,73,109,95,92,24,36,64,78,42,14,62,17,26,34,108,6,65,13,15,75,88,66,110,28,32,71,11,100,77,51,59,43,5,61,27,68,53,76,10,45,79,38,103,50,25,90,3,1,104,31,70,48,83,44,99,67,57,18,49,96,54,21,87,12,16,47,52,69,22,81,86,74,55,4,89,105,40,101,29,7,63,84,107,72,35,9,46,41,20,8,102,56,98,97,2,23,106,37,33,85,39,93,94,91,-1,-1,-1,-1,-1,-1,-1,-1,-1,-1,-1,-1,-1,-1,-1,58,,,,,,,,,,,,,,,,
53,9,100,13,106,75,36,56,45,8,57,83,95,40,79,98,67,2,88,33,47,74,86,99,101,27,52,7,62,46,35,71,91,29,18,21,97,64,109,96,23,49,42,14,108,76,28,15,69,51,61,80,22,19,4,12,32,90,66,103,31,54,59,107,44,89,85,70,55,39,93,65,73,104,72,82,77,6,3,63,5,11,87,16,37,24,34,92,81,48,26,50,43,94,68,30,110,41,25,1,78,-1,10,60,-1,84,-1,105,17,20,38,-1,-1,-1,-1,-1,-1,-1,-1,-1,102,-1,-1,-1,-1,-1,-1,-1,-1,58,,,,,,,,,,,
74,40,1,106,26,87,30,54,3,70,56,15,90,36,85,67,100,7,20,52,104,9,10,50,33,95,108,23,69,6,2,22,76,80,45,51,89,98,31,29,84,19,97,107,55,71,101,60,88,13,35,43,77,24,93,46,17,57,14,64,83,109,28,99,72,62,4,82,37,59,27,39,92,75,103,12,5,102,66,96,47,65,91,53,105,68,86,18,94,44,34,58,11,42,81,8,49,48,73,63,79,32,78,21,41,16,-1,-1,-1,-1,-1,-1,110,61,-1,-1,25,-1,38,,,,,,,,,,,,,,,,,,,,,,
80,31,63,48,94,67,20,109,21,73,76,96,105,25,61,60,69,14,29,47,83,110,97,79,41,78,55,59,101,89,51,62,37,1,50,39,35,104,74,44,17,11,10,88,12,26,13,4,93,54,18,84,90,8,68,16,100,9,108,23,46,27,30,28,64,40,52,5,72,6,56,7,32,85,15,103,106,66,49,34,86,19,57,77,45,98,82,24,99,91,92,22,71,58,-1,42,81,-1,65,3,70,75,102,2,33,38,-1,53,-1,-1,-1,-1,-1,-1,107,43,-1,-1,36,-1,95,87,,,,,,,,,,,,,,,,,,,
57,104,97,75,31,53,84,92,7,109,3,17,86,65,89,6,35,1,16,2,34,13,33,46,94,10,71,98,63,68,21,99,39,11,12,66,100,95,101,45,103,105,72,37,64,67,26,74,60,48,52,20,78,69,27,59,22,87,43,82,54,25,107,55,47,90,62,18,81,41,73,83,91,4,108,96,28,23,50,106,58,88,42,70,30,77,19,51,93,9,49,24,5,80,15,44,32,85,8,14,76,-1,61,29,38,40,-1,56,79,102,-1,36,-1,-1,-1,-1,-1,-1,-1,-1,-1,-1,-1,-1,110,,,,,,,,,,,,,,,,
35,94,44,100,110,58,107,25,72,48,8,101,18,51,4,79,57,42,67,89,81,12,11,108,64,20,56,86,32,97,28,16,52,85,37,15,14,66,99,46,62,43,95,27,54,77,60,24,49,71,91,38,104,47,5,33,76,7,84,19,103,6,88,74,55,50,82,34,78,63,105,23,80,40,9,109,68,30,26,10,69,22,13,31,83,102,53,41,21,29,17,93,61,36,45,3,106,1,75,73,65,70,98,96,-1,-1,-1,90,2,59,-1,39,-1,92,87,,,,,,,,,,,,,,,,,,,,,,,,,,
90,76,59,49,64,89,26,33,106,45,108,97,57,4,99,72,21,15,62,94,74,14,29,110,11,48,54,77,60,52,16,40,103,67,24,41,82,71,12,83,100,65,84,35,19,75,31,42,9,86,34,105,3,73,91,80,18,70,104,8,7,79,101,68,53,37,38,10,66,27,109,69,46,88,32,43,85,51,1,44,102,56,61,78,17,13,25,63,20,98,2,107,23,30,93,5,55,47,6,22,36,-1,96,-1,-1,50,28,-1,58,-1,-1,-1,81,-1,-1,-1,-1,39,-1,-1,-1,-1,-1,-1,-1,87,-1,92,-1,95,,,,,,,,,,,
56,98,15,2,3,105,54,39,67,100,45,12,97,35,36,5,14,87,95,28,76,62,52,90,17,99,26,75,70,104,92,65,60,109,69,84,33,73,86,7,10,57,19,96,51,80,4,89,107,106,63,9,20,108,43,93,64,66,58,24,81,1,40,71,59,18,42,11,91,29,82,77,68,103,31,102,46,8,72,37,27,44,23,88,49,94,38,79,48,74,78,47,21,61,30,101,13,6,55,16,-1,-1,53,34,50,110,25,-1,83,-1,-1,22,85,32,41,,,,,,,,,,,,,,,,,,,,,,,,,,
62,81,61,68,73,79,40,21,71,97,19,85,6,10,55,96,60,48,66,104,35,94,24,76,69,77,103,13,27,102,15,32,78,39,49,54,110,26,59,63,41,90,74,44,46,105,86,47,29,12,109,17,65,11,42,4,75,52,30,72,82,106,3,38,88,53,1,93,50,22,83,80,28,14,51,16,67,7,23,70,9,34,89,5,64,108,18,33,84,43,45,101,8,100,20,57,37,87,31,98,58,99,-1,-1,107,-1,56,92,25,2,91,-1,-1,36,-1,-1,-1,-1,-1,-1,-1,-1,95,,,,,,,,,,,,,,,,,,
32,62,79,81,61,97,71,11,19,76,78,102,60,28,94,47,40,21,24,69,39,15,54,59,85,52,110,26,17,35,50,41,105,5,29,88,72,30,56,82,86,55,68,106,18,93,14,51,44,10,16,83,38,67,100,7,9,34,64,63,23,108,109,84,33,43,45,20,57,98,99,27,107,1,96,37,103,49,48,2,95,46,31,25,13,42,12,89,74,-1,90,91,101,6,65,73,75,66,77,104,3,4,22,8,70,-1,-1,-1,-1,-1,-1,-1,80,-1,-1,-1,53,-1,-1,-1,-1,-1,-1,-1,-1,-1,87,-1,-1,92,-1,-1,-1,-1,-1,36,-1,-1,58,,
95,60,50,42,12,9,2,86,5,47,55,37,102,30,13,97,7,3,69,74,54,85,6,107,73,109,75,78,39,21,94,25,98,32,8,104,62,82,48,19,16,20,64,61,43,28,70,108,72,17,93,51,45,101,41,44,36,88,106,96,66,56,65,4,31,15,76,14,34,91,11,99,83,87,57,29,100,77,40,90,49,92,46,35,71,89,79,110,27,52,38,18,67,23,22,-1,33,63,1,68,103,80,84,105,53,81,10,-1,-1,26,-1,-1,-1,-1,59,-1,-1,-1,-1,-1,24,-1,-1,-1,-1,58,,,,,,,,,,,,,,,
67,10,36,1,104,101,75,47,55,65,11,29,31,66,54,34,92,100,71,77,49,109,69,103,23,16,45,94,19,105,84,52,26,78,68,13,32,7,46,6,12,2,39,95,50,20,80,96,27,87,57,108,53,15,24,98,43,25,99,90,73,41,83,37,97,72,40,56,33,58,59,3,102,44,86,60,88,89,30,74,51,4,93,21,62,17,64,48,18,76,70,110,79,91,35,38,5,22,63,9,42,14,106,-1,-1,-1,-1,8,85,28,82,-1,-1,81,-1,107,-1,-1,61,,,,,,,,,,,,,,,,,,,,,,
88,53,56,40,74,36,14,70,1,3,12,47,85,81,95,10,101,86,7,96,30,91,18,106,21,8,23,49,51,76,45,59,13,79,109,69,19,4,32,90,73,107,2,66,89,24,44,28,39,63,105,99,33,29,57,35,84,77,42,61,98,11,58,103,46,100,75,65,15,67,37,97,26,93,34,92,102,68,9,87,50,94,6,27,5,52,80,38,104,16,62,64,54,71,108,55,72,78,48,31,110,20,25,83,-1,82,-1,60,41,17,-1,-1,22,-1,-1,-1,43,,,,,,,,,,,,,,,,,,,,,,,,
28,48,85,96,70,32,64,61,22,62,98,18,46,41,71,104,59,65,84,35,89,55,42,12,67,91,49,52,76,4,103,88,54,60,79,63,27,10,72,25,110,1,105,90,44,73,6,31,75,100,3,30,86,74,17,37,82,40,77,38,93,21,19,8,80,16,68,101,24,66,5,11,106,109,14,69,83,43,33,51,97,20,99,23,108,2,107,47,78,57,53,29,-1,7,9,34,36,15,-1,13,87,81,45,-1,-1,92,50,102,56,-1,94,-1,-1,26,-1,-1,-1,-1,-1,-1,58,-1,-1,95,-1,-1,-1,-1,39,,,,,,,,,,,,
87,2,98,45,54,56,67,40,36,15,6,14,3,74,106,57,26,97,9,62,63,100,30,35,5,76,95,90,85,10,101,7,70,13,33,52,91,84,28,18,71,99,20,104,66,96,65,46,109,42,75,23,103,60,77,50,69,108,51,59,4,19,80,31,89,29,53,88,82,93,43,64,1,107,17,39,22,72,24,81,11,37,27,55,92,44,73,83,68,86,8,12,58,49,48,21,47,79,78,-1,16,-1,34,32,-1,-1,61,-1,105,41,25,-1,-1,-1,-1,94,-1,-1,-1,-1,-1,102,-1,-1,-1,38,-1,-1,-1,-1,-1,110,,,,,,,,,
75,65,26,84,43,108,94,91,68,18,31,63,87,76,102,78,34,110,50,72,41,98,109,32,79,83,64,14,46,45,59,10,35,30,62,17,55,51,80,89,92,15,37,25,2,69,12,29,57,96,44,66,67,28,48,54,103,42,60,9,52,71,74,27,6,47,77,1,19,88,23,104,5,56,13,100,4,16,11,7,21,8,107,61,73,86,105,81,49,40,101,99,82,70,36,22,20,3,24,106,85,33,97,93,-1,90,-1,38,39,-1,-1,-1,-1,-1,-1,58,-1,53,95,,,,,,,,,,,,,,,,,,,,,,
16,21,76,73,34,60,58,3,44,67,86,6,47,11,10,37,1,93,13,32,33,35,4,80,91,45,104,12,72,96,97,48,84,8,2,102,90,68,18,99,20,95,106,49,101,38,27,98,70,108,22,59,57,64,26,69,28,82,23,88,89,103,25,83,105,42,63,17,41,78,107,71,54,50,62,87,55,5,43,29,92,31,100,74,46,7,15,65,9,81,51,39,56,109,19,53,85,77,66,52,75,24,30,79,40,-1,-1,-1,-1,-1,-1,94,61,-1,14,-1,-1,-1,-1,-1,-1,-1,110,36,,,,,,,,,,,,,,,,,
31,17,109,80,63,61,97,35,94,20,29,79,48,86,103,71,78,66,105,60,25,69,83,101,77,14,47,41,10,110,89,54,49,51,76,11,67,62,26,13,59,39,1,21,37,50,96,90,74,44,28,27,4,56,72,106,93,65,73,42,104,84,75,53,81,46,5,8,3,52,6,88,15,18,82,33,16,100,12,64,7,108,30,40,23,70,9,45,22,19,68,57,34,98,24,32,43,102,99,55,95,2,107,-1,-1,-1,91,58,36,-1,-1,85,-1,-1,-1,-1,-1,-1,-1,-1,38,-1,92,87,,,,,,,,,,,,,,,,,
46,13,6,71,15,107,102,88,51,30,40,62,14,48,98,95,8,80,2,63,1,99,67,45,31,86,5,35,7,57,53,74,101,18,90,96,22,42,97,64,109,23,61,78,69,49,21,59,66,81,9,103,76,92,104,34,33,44,54,27,108,73,77,52,70,4,56,37,28,12,55,75,3,19,106,89,25,105,94,65,84,16,39,82,11,58,26,91,43,68,47,87,32,72,100,93,50,83,110,85,29,41,60,20,-1,24,17,-1,10,-1,-1,-1,-1,-1,38,36,79,,,,,,,,,,,,,,,,,,,,,,,,
66,37,10,54,47,104,11,32,77,46,97,3,36,71,75,2,65,92,96,98,45,49,84,67,16,4,31,103,109,70,55,95,19,105,57,23,40,86,15,12,94,101,13,28,7,89,99,17,64,73,74,26,21,78,60,68,50,5,59,20,29,107,53,87,43,24,100,25,106,90,1,63,62,82,18,72,80,35,41,9,83,39,33,91,48,93,76,44,8,69,85,79,88,34,38,108,30,56,52,6,81,22,42,14,61,51,27,-1,-1,-1,-1,-1,-1,-1,-1,102,-1,-1,-1,-1,-1,-1,-1,-1,-1,-1,-1,110,-1,-1,-1,-1,-1,-1,-1,-1,-1,-1,-1,58,
18,90,46,33,100,16,55,89,84,108,106,25,99,73,42,49,12,11,110,78,97,27,64,21,57,67,4,37,15,9,34,61,94,74,3,48,63,50,60,70,104,91,24,45,86,41,71,6,5,31,30,29,81,77,83,1,40,56,82,65,8,14,105,47,22,19,17,35,75,13,88,79,38,51,68,26,101,62,52,66,54,80,85,59,10,109,7,69,53,28,32,43,76,102,23,96,-1,72,103,44,107,-1,-1,39,98,-1,2,-1,-1,-1,-1,-1,95,-1,-1,20,36,93,58,-1,-1,-1,-1,-1,-1,-1,-1,-1,87,-1,92,,,,,,,,,,
25,26,55,109,65,66,50,85,107,92,59,56,41,21,37,43,62,82,102,14,72,44,17,93,76,51,20,27,108,84,110,12,87,68,36,10,6,39,69,75,19,45,38,86,88,16,77,2,54,57,23,96,49,34,29,18,61,100,91,106,1,32,70,15,73,74,104,9,11,89,60,98,22,31,3,47,64,4,46,13,8,7,103,63,81,78,71,40,67,101,48,35,30,33,53,80,99,105,5,28,90,94,95,52,42,97,-1,24,-1,83,79,-1,-1,-1,-1,-1,-1,58,,,,,,,,,,,,,,,,,,,,,,,
5,95,47,9,16,68,60,55,50,40,39,45,13,101,107,14,2,30,57,7,31,8,98,69,102,64,74,85,52,33,54,89,41,22,28,97,108,99,43,77,26,82,62,12,103,48,109,72,20,4,65,73,70,61,75,86,71,80,63,104,91,3,17,36,94,106,88,51,96,87,15,93,76,66,10,78,42,32,44,58,53,29,34,105,6,25,100,1,83,11,84,67,49,35,90,46,38,27,19,59,37,23,18,-1,21,56,-1,-1,-1,-1,110,92,-1,-1,81,79,-1,-1,-1,-1,-1,-1,24,,,,,,,,,,,,,,,,,,
71,50,95,107,102,57,5,13,29,31,42,32,7,52,74,69,28,54,8,6,109,90,99,94,39,60,101,43,98,25,62,82,66,72,20,108,78,85,64,67,61,17,16,9,21,103,47,36,2,45,97,93,51,88,37,41,24,106,86,15,105,96,91,76,48,58,11,77,26,33,44,87,100,63,40,83,49,70,34,14,75,73,1,104,55,3,4,19,56,65,81,30,92,10,84,35,53,12,68,46,89,79,27,23,18,80,22,110,59,-1,-1,-1,-1,-1,-1,-1,-1,-1,-1,-1,-1,-1,-1,-1,-1,-1,38,,,,,,,,,,,,,,
41,14,70,5,57,27,13,101,38,87,1,107,8,31,33,51,71,103,19,45,2,67,85,109,74,47,43,6,9,78,99,37,104,97,102,73,21,77,94,55,7,22,48,72,75,108,25,3,80,60,4,16,66,36,52,92,39,69,96,29,61,95,44,12,49,98,15,84,105,34,76,82,58,106,91,65,11,90,88,53,30,24,81,26,89,100,17,68,10,42,35,32,86,50,63,62,79,54,64,56,40,83,46,28,23,20,18,-1,-1,-1,-1,-1,59,-1,-1,-1,-1,-1,-1,-1,-1,-1,-1,110,-1,-1,-1,93,,,,,,,,,,,,,
104,101,45,19,48,50,44,12,59,33,96,67,16,93,35,86,4,84,79,91,90,32,20,102,99,34,13,71,106,8,57,68,2,95,15,64,11,37,10,38,18,27,49,98,25,58,53,55,63,66,83,54,87,42,107,81,26,62,21,109,43,80,41,17,103,77,72,69,29,31,92,22,108,89,74,46,97,85,6,47,28,23,56,9,51,60,75,52,3,73,1,65,94,39,88,70,76,5,100,78,24,30,-1,-1,-1,-1,7,14,61,110,105,40,-1,-1,-1,82,-1,-1,-1,-1,-1,-1,-1,-1,-1,36,,,,,,,,,,,,,,,
14,102,41,87,101,96,70,49,39,29,61,8,107,33,51,68,54,31,94,16,7,19,25,71,97,2,81,21,43,1,48,45,74,91,13,98,64,6,57,9,69,103,66,60,17,53,108,12,62,37,77,36,99,52,92,38,44,78,24,86,88,104,95,58,26,82,89,32,76,15,90,42,93,100,27,4,105,75,65,67,22,10,47,3,106,50,83,35,5,55,63,84,110,73,109,72,34,80,11,18,30,46,56,-1,20,85,79,28,40,23,59,,,,,,,,,,,,,,,,,,,,,,,,,,,,,,
72,8,102,29,5,3,7,78,54,103,51,109,70,91,23,1,41,49,101,22,88,30,2,61,107,98,79,62,66,64,74,97,21,69,77,85,95,32,27,4,15,12,45,34,68,9,92,19,52,14,36,89,44,33,94,25,96,76,37,18,65,86,38,59,16,75,35,108,58,11,31,47,105,99,42,106,53,87,55,57,73,63,82,10,28,48,90,50,6,13,80,60,20,40,110,71,84,67,104,100,17,56,-1,46,83,93,81,-1,-1,-1,24,-1,-1,-1,26,-1,-1,-1,43,-1,-1,39,,,,,,,,,,,,,,,,,,,
51,1,106,102,99,8,28,30,35,2,66,95,88,98,6,40,63,5,48,37,80,77,70,53,86,90,7,9,73,55,109,18,67,96,46,12,45,97,42,15,108,13,23,64,61,21,76,52,14,62,69,4,59,81,19,104,27,101,34,91,25,94,54,44,84,39,57,16,32,85,72,78,82,92,33,36,71,26,100,68,107,87,22,11,93,49,50,103,47,75,89,31,29,3,105,74,65,60,83,41,56,-1,17,38,10,-1,-1,43,110,79,20,24,-1,-1,-1,-1,-1,-1,-1,-1,-1,-1,-1,-1,-1,-1,-1,-1,-1,-1,-1,-1,58,,,,,,,,
84,75,24,90,45,65,85,57,27,16,9,73,21,15,67,46,61,4,97,29,106,34,100,62,88,37,41,3,48,54,60,70,23,94,104,40,42,14,1,47,82,6,5,110,83,30,81,64,35,56,19,22,79,51,33,17,91,18,11,13,68,72,12,25,99,52,109,38,7,80,86,32,55,78,44,20,50,69,71,49,59,95,36,98,63,103,31,76,77,10,66,2,108,105,74,89,28,96,-1,101,8,107,39,26,87,-1,92,-1,43,-1,53,102,93,-1,58,,,,,,,,,,,,,,,,,,,,,,,,,,
27,44,35,93,89,95,65,79,25,42,58,75,81,108,56,73,20,51,64,17,68,16,110,66,4,101,72,107,33,3,47,8,14,37,85,76,28,52,62,24,74,46,54,57,49,43,97,32,77,38,86,55,12,53,34,99,15,60,6,78,100,9,84,91,50,70,69,103,13,5,40,19,30,105,83,23,41,63,21,109,31,45,48,1,22,61,102,94,88,82,98,80,18,29,11,67,71,104,96,36,-1,-1,7,10,106,2,-1,-1,90,-1,92,87,39,59,-1,-1,26,,,,,,,,,,,,,,,,,,,,,,,,
17,6,48,31,46,83,81,10,93,60,79,69,20,37,30,21,89,55,78,106,51,97,72,11,25,41,59,104,49,26,39,90,50,73,44,74,5,88,100,110,96,86,27,18,84,35,56,63,67,3,103,42,28,65,70,40,29,109,61,75,15,76,94,7,32,68,101,23,4,64,85,45,71,9,8,19,47,14,16,80,108,52,98,66,1,57,77,34,95,2,87,36,33,62,92,12,54,13,43,-1,-1,91,99,-1,-1,102,-1,-1,53,38,107,105,-1,22,82,24,58,,,,,,,,,,,,,,,,,,,,,,,,
4,23,38,89,18,45,33,27,76,74,85,106,61,62,110,83,55,67,108,15,75,78,94,54,65,100,29,63,11,103,12,24,34,50,91,9,16,46,71,41,31,21,99,40,47,88,79,57,6,30,48,35,84,22,80,77,51,105,13,70,56,82,72,101,1,3,37,104,5,42,7,10,17,49,52,97,86,25,14,19,90,32,44,73,60,81,43,66,102,53,59,95,36,107,64,39,26,109,58,-1,-1,8,68,69,28,96,-1,-1,-1,98,-1,-1,-1,-1,92,87,-1,-1,-1,-1,-1,20,-1,-1,93,-1,2,,,,,,,,,,,,,,
83,47,81,17,20,46,21,93,69,78,110,103,67,106,63,100,72,77,14,30,79,25,35,89,49,59,51,50,90,66,10,13,1,44,27,26,39,76,65,11,48,29,56,75,104,37,18,53,41,94,68,85,8,40,28,105,80,61,52,16,9,23,4,32,86,108,71,97,31,96,33,43,109,5,73,22,60,19,57,98,6,55,74,45,42,38,3,99,107,12,64,70,15,101,62,54,24,88,84,87,34,95,91,92,102,-1,-1,82,7,-1,58,-1,-1,-1,-1,-1,-1,-1,-1,-1,-1,-1,-1,2,-1,-1,-1,-1,-1,-1,-1,-1,36,,,,,,,,
13,52,40,74,71,12,27,5,8,80,2,66,28,70,53,109,30,91,98,103,95,57,102,63,18,96,86,22,97,31,6,106,72,64,55,35,99,101,77,78,76,61,9,7,23,42,69,49,51,59,81,37,108,45,90,107,34,32,89,56,94,105,46,24,39,44,73,85,84,82,14,21,11,26,75,48,36,33,15,3,65,58,16,92,43,67,68,88,100,62,4,1,104,54,10,50,93,38,47,83,60,19,20,25,-1,-1,29,-1,-1,-1,17,41,-1,79,-1,-1,-1,110,-1,-1,-1,-1,87,,,,,,,,,,,,,,,,,,
63,16,73,59,76,21,43,68,49,13,10,34,33,80,91,101,44,32,93,3,66,60,104,48,72,12,27,8,83,90,102,67,17,15,47,99,37,20,95,106,28,38,53,108,58,2,84,50,18,70,56,88,35,82,103,22,23,24,5,57,78,62,69,98,11,96,87,55,77,107,54,6,4,86,97,41,31,9,29,100,42,89,92,65,19,75,81,46,71,85,109,51,7,64,1,94,39,52,74,79,61,45,40,30,14,105,36,-1,-1,-1,-1,26,-1,110,25,,,,,,,,,,,,,,,,,,,,,,,,,,
20,5,23,108,55,44,68,65,60,85,73,53,9,88,92,58,52,29,35,18,19,87,78,40,37,71,107,109,79,86,43,76,64,31,6,14,77,38,51,32,66,54,102,70,67,59,36,1,110,61,33,90,74,96,3,47,21,94,16,2,30,48,62,63,98,34,28,72,100,106,10,50,103,12,89,7,69,17,8,15,104,25,75,57,82,41,13,101,24,56,99,11,42,83,97,91,46,81,22,4,84,27,49,-1,105,-1,45,-1,-1,95,93,-1,26,80,-1,-1,-1,-1,39,,,,,,,,,,,,,,,,,,,,,,
96,79,62,61,87,110,47,48,109,69,35,22,19,85,41,55,104,83,42,102,23,92,68,14,3,39,77,54,59,11,78,49,63,52,98,32,26,105,50,10,90,44,103,56,29,82,73,106,17,18,8,76,27,13,46,74,66,15,38,93,40,67,16,9,100,21,34,6,108,4,28,24,70,64,45,101,81,20,75,1,57,5,65,60,88,30,89,97,37,99,71,72,80,25,31,86,12,33,36,94,-1,7,51,91,84,-1,-1,-1,-1,-1,-1,-1,107,43,2,-1,-1,-1,53,-1,-1,95,58,,,,,,,,,,,,,,,,,,
92,58,34,27,37,94,48,44,4,51,107,9,56,82,73,25,66,88,81,11,65,64,89,75,68,97,33,47,24,49,72,100,20,71,43,1,104,91,16,60,57,40,46,32,6,78,30,83,85,55,110,18,105,99,23,63,14,17,101,53,80,22,79,50,62,13,103,7,10,26,39,74,67,42,28,54,12,86,70,35,109,76,3,84,41,5,69,15,45,108,31,8,19,90,52,87,21,59,-1,77,106,-1,2,98,-1,-1,96,-1,93,-1,-1,61,29,-1,-1,-1,-1,-1,102,38,-1,-1,-1,-1,95,-1,-1,-1,-1,-1,-1,-1,-1,36,,,,,,,
19,41,28,22,98,109,96,6,32,102,87,110,71,69,78,103,23,39,89,10,11,26,92,83,52,79,63,42,12,61,40,72,85,88,35,105,76,17,68,59,44,4,55,30,106,56,29,93,38,8,100,15,7,18,9,21,60,51,47,14,64,70,50,33,57,20,46,27,45,43,77,108,97,62,49,80,48,37,54,107,34,90,24,13,84,99,74,67,75,104,65,3,73,81,5,16,1,101,2,66,25,53,31,94,86,91,-1,-1,-1,-1,-1,58,-1,82,-1,-1,-1,95,-1,-1,-1,-1,-1,-1,-1,-1,-1,36,,,,,,,,,,,,,
97,110,78,65,41,84,105,74,89,88,70,86,75,92,15,108,3,59,60,40,22,23,44,100,1,31,32,61,5,85,79,6,30,25,4,82,10,56,19,37,38,106,21,8,16,11,68,80,7,98,51,48,62,14,101,9,72,67,71,76,28,24,103,77,66,109,49,12,69,45,102,54,104,96,46,64,43,27,90,95,91,17,2,20,33,18,99,36,35,87,29,42,13,55,73,47,63,53,94,-1,-1,57,52,50,34,107,83,26,-1,-1,-1,81,-1,93,-1,-1,-1,-1,-1,58,-1,-1,-1,-1,-1,-1,-1,39,,,,,,,,,,,,,
40,54,67,14,56,62,86,98,74,36,105,100,10,12,31,33,76,95,87,46,101,84,66,7,47,13,17,19,96,92,104,26,5,45,42,57,2,9,23,108,51,35,90,6,77,99,20,109,89,27,107,28,15,50,88,55,97,43,53,69,106,93,60,64,4,22,59,24,39,83,81,72,37,58,29,34,91,52,68,73,44,30,18,8,94,1,49,71,80,38,11,63,75,48,3,79,78,65,70,103,32,61,21,41,25,-1,102,16,82,-1,85,-1,-1,-1,-1,-1,-1,-1,-1,-1,110,,,,,,,,,,,,,,,,,,,,
77,39,49,88,96,2,41,16,64,1,102,68,29,5,50,70,75,71,107,61,8,54,7,30,109,35,14,95,91,24,100,98,43,57,19,80,52,22,108,21,13,72,81,69,62,17,34,9,99,33,66,45,73,12,63,27,92,103,55,3,53,74,89,86,37,25,105,94,97,65,87,15,84,76,36,11,44,78,47,26,48,60,104,90,31,101,51,42,46,93,83,106,28,85,40,6,4,82,67,32,59,18,23,56,-1,-1,20,10,38,-1,-1,-1,-1,-1,-1,110,-1,-1,-1,-1,-1,79,-1,-1,-1,-1,-1,-1,-1,-1,-1,-1,-1,-1,-1,-1,-1,58,,,
93,20,31,30,17,103,69,73,78,63,77,41,83,61,96,81,106,25,3,42,59,79,62,51,54,26,76,39,13,50,44,1,110,4,86,56,105,72,14,88,35,89,100,109,27,90,46,70,65,11,29,10,97,75,49,82,37,28,94,85,16,12,47,60,67,48,74,15,64,32,68,5,19,52,21,18,40,22,108,23,101,53,80,71,102,6,55,57,2,33,7,98,99,84,34,104,66,45,9,24,91,43,-1,95,-1,-1,8,-1,-1,107,-1,-1,-1,38,-1,92,-1,-1,-1,87,-1,-1,36,-1,-1,-1,-1,-1,-1,-1,-1,-1,-1,-1,-1,-1,-1,-1,-1,-1,58
81,99,18,97,11,4,88,106,42,58,28,108,15,14,21,64,29,61,52,23,60,103,40,25,62,85,91,5,54,56,41,43,9,82,17,100,34,33,37,30,46,77,73,84,65,55,63,105,31,35,94,110,75,80,79,8,13,3,70,83,49,90,6,48,71,67,10,22,68,74,51,101,12,7,16,24,66,36,104,78,89,109,69,50,47,45,98,86,1,59,76,20,38,96,72,27,2,44,93,-1,-1,-1,32,19,26,57,107,-1,-1,-1,-1,-1,-1,39,-1,53,95,87,92,-1,-1,-1,102,,,,,,,,,,,,,,,,,,
26,43,71,94,32,91,12,87,103,34,109,84,52,44,5,35,83,79,59,51,53,61,45,31,29,80,50,4,92,30,17,69,6,66,10,37,102,41,82,57,88,110,89,68,100,13,78,14,28,9,25,56,11,46,7,23,47,48,67,98,76,60,27,72,54,1,96,107,62,86,36,73,40,20,104,99,18,21,101,42,39,74,63,81,8,16,97,75,65,64,3,105,22,108,70,15,77,55,106,49,33,58,-1,-1,-1,-1,-1,19,24,85,90,-1,-1,-1,95,-1,38,-1,-1,-1,-1,-1,-1,-1,2,93,,,,,,,,,,,,,,,
9,27,107,57,51,40,45,8,30,77,80,70,53,96,7,90,22,18,1,5,99,95,103,97,104,42,78,46,6,108,13,21,88,61,81,2,86,55,49,23,34,59,69,102,92,66,35,33,98,74,106,109,89,44,71,14,62,12,28,67,37,75,48,3,25,31,64,105,94,19,101,16,39,65,11,76,54,84,36,91,52,85,72,68,56,73,63,58,87,26,10,4,50,47,83,82,29,32,15,43,100,60,24,-1,-1,17,-1,-1,-1,-1,41,93,38,20,-1,-1,-1,-1,-1,-1,79,-1,-1,-1,-1,-1,-1,-1,-1,-1,110,,,,,,,,,,
79,67,30,110,21,81,93,66,83,55,69,20,106,109,25,89,47,41,17,13,26,59,50,5,60,65,10,96,37,51,73,42,44,28,39,4,46,12,35,86,78,88,29,94,11,27,61,48,97,15,85,40,18,63,16,90,49,8,80,77,70,68,1,23,7,32,6,100,52,71,64,14,9,33,102,31,104,57,19,43,98,75,105,38,3,56,22,62,82,54,74,53,84,76,99,24,101,34,108,58,72,103,-1,-1,91,-1,95,45,107,-1,2,-1,92,87,-1,-1,-1,-1,-1,-1,-1,-1,-1,-1,-1,-1,-1,-1,-1,-1,-1,-1,-1,-1,-1,-1,-1,36,,,
12,57,74,37,53,10,104,31,101,94,34,92,96,99,48,84,97,35,109,68,17,20,19,105,95,46,2,100,75,39,7,86,45,55,66,16,13,28,4,72,33,98,26,3,1,47,64,67,103,23,108,60,52,79,69,49,11,59,27,22,63,88,5,54,21,87,90,62,107,25,41,106,18,73,71,15,9,42,81,32,77,83,58,30,91,65,8,80,70,89,6,85,102,38,56,76,44,61,82,51,50,78,29,110,36,43,24,93,14,40,,,,,,,,,,,,,,,,,,,,,,,,,,,,,,,
54,45,64,39,14,6,98,105,57,86,13,2,32,56,11,36,5,94,46,93,100,71,51,84,10,70,90,17,26,99,19,47,31,23,97,42,7,65,89,22,67,75,28,76,80,15,103,101,4,20,60,77,50,27,87,109,3,96,69,30,107,55,104,66,74,92,108,59,43,40,62,37,72,29,35,88,82,34,83,8,18,81,53,58,78,106,1,9,73,63,12,68,91,44,33,52,48,49,85,61,102,21,16,-1,-1,41,-1,-1,-1,-1,-1,-1,79,95,110,25,-1,-1,-1,-1,-1,-1,-1,24,38,,,,,,,,,,,,,,,,
61,68,21,7,59,42,4,69,31,10,101,49,1,13,93,80,16,27,90,43,3,73,76,104,106,63,96,83,8,48,91,102,99,20,67,34,94,2,66,17,105,56,65,11,38,109,54,84,22,24,15,33,98,71,108,72,57,86,35,37,97,28,55,18,82,103,58,26,89,62,19,41,77,70,5,81,23,45,64,88,87,50,78,47,75,53,46,39,85,6,100,52,51,74,79,36,9,25,12,40,14,-1,-1,44,30,-1,60,-1,-1,-1,-1,110,32,29,-1,-1,-1,107,-1,95,-1,-1,-1,-1,-1,-1,92,,,,,,,,,,,,,,
98,64,54,67,39,14,66,2,62,56,15,36,74,105,12,93,87,9,6,97,86,31,5,95,90,19,1,84,45,28,33,17,96,42,101,7,51,60,73,109,77,10,70,23,13,65,75,69,3,50,26,104,80,4,89,100,59,53,20,43,27,47,24,82,30,88,106,92,63,46,18,57,99,81,37,91,107,29,103,102,40,49,94,76,38,35,48,78,55,22,108,34,72,110,71,61,11,21,41,25,68,44,8,16,52,83,85,79,32,-1,-1,-1,-1,-1,-1,-1,-1,-1,-1,-1,-1,-1,-1,-1,-1,-1,-1,58,,,,,,,,,,,,,
64,32,17,98,69,22,78,60,79,91,103,10,23,55,109,85,68,89,47,110,15,102,38,28,50,49,6,105,41,18,26,83,59,90,40,72,87,27,44,35,29,66,96,4,30,5,74,77,21,82,76,11,106,39,13,42,8,16,93,100,12,61,73,75,9,71,70,19,46,3,63,1,52,34,48,56,65,108,45,101,14,33,84,67,80,51,20,53,57,88,24,104,97,37,107,2,62,31,54,95,99,36,86,7,43,94,58,81,-1,25,-1,-1,-1,-1,-1,-1,-1,-1,-1,-1,-1,-1,-1,-1,-1,92,,,,,,,,,,,,,,,
11,33,77,103,97,71,99,80,23,27,89,42,17,110,84,105,58,46,49,21,37,108,61,74,9,15,18,88,55,94,67,34,4,86,41,29,60,48,40,100,25,104,43,52,31,14,72,62,106,83,47,19,91,90,36,5,1,22,65,73,79,16,76,70,75,30,54,63,6,53,3,68,10,101,78,13,51,24,35,50,66,12,102,69,44,85,96,82,26,7,20,109,81,56,32,59,95,64,28,45,57,92,-1,107,39,87,-1,-1,8,-1,98,-1,-1,-1,-1,-1,-1,-1,-1,-1,-1,-1,-1,38,-1,-1,-1,2,93,,,,,,,,,,,,
22,35,19,28,85,78,76,62,110,61,104,91,98,75,65,66,102,6,83,79,77,48,12,60,14,32,69,10,3,71,68,39,27,59,89,49,23,54,90,105,52,26,44,29,96,63,11,41,40,103,42,74,109,72,50,73,55,46,87,4,38,18,21,93,106,51,67,13,16,1,80,100,64,17,88,108,8,47,56,30,24,84,45,101,9,34,70,20,15,5,57,37,53,99,2,33,25,43,86,107,7,31,-1,-1,94,-1,-1,97,81,-1,-1,-1,-1,58,-1,-1,82,92,-1,36,-1,-1,-1,-1,-1,-1,95,,,,,,,,,,,,,,
2,36,101,12,35,5,15,76,28,95,49,54,92,100,104,7,84,45,63,109,10,86,46,23,19,17,105,32,1,41,52,73,22,70,96,65,25,11,103,94,75,68,98,80,97,3,66,37,108,88,64,24,30,59,20,53,56,71,78,87,26,4,106,14,91,107,18,47,40,72,58,29,6,55,50,90,99,83,69,62,81,57,51,44,77,33,60,31,38,110,13,9,89,21,42,48,67,74,34,8,43,85,-1,-1,16,27,82,-1,-1,93,-1,-1,-1,-1,-1,61,102,-1,-1,79,-1,-1,39,,,,,,,,,,,,,,,,,,
100,73,108,77,62,38,61,23,65,64,83,72,89,16,76,99,9,44,85,75,12,41,55,81,98,57,46,106,67,34,18,14,48,103,88,110,54,94,21,3,60,52,25,50,70,40,42,104,33,29,1,31,82,91,35,6,78,74,22,79,47,8,51,30,13,11,24,36,101,10,53,66,86,69,63,28,45,59,17,20,15,97,37,95,2,90,27,49,96,4,5,71,93,92,7,84,109,58,56,102,-1,-1,19,68,-1,-1,105,87,80,-1,39,32,-1,107,43,26,,,,,,,,,,,,,,,,,,,,,,,,,
48,78,87,35,4,17,62,83,70,23,18,105,12,59,22,28,46,36,74,92,67,88,49,52,63,50,40,79,104,27,25,44,11,10,61,91,47,108,41,5,32,85,30,31,110,100,82,38,15,90,80,21,56,6,81,13,16,98,68,7,34,101,8,65,14,73,97,109,9,75,84,20,96,45,39,3,72,60,42,76,99,2,55,89,29,54,106,26,64,1,77,66,95,19,103,58,86,71,33,37,51,69,-1,57,-1,-1,-1,-1,-1,-1,-1,53,102,94,-1,-1,-1,24,107,43,-1,-1,-1,93,,,,,,,,,,,,,,,,,
15,88,52,56,67,72,9,14,6,98,46,13,66,2,40,3,36,63,106,57,27,5,95,47,83,75,70,102,53,7,86,91,32,100,99,103,30,18,8,97,64,28,78,77,22,45,49,23,61,21,96,69,19,76,59,51,31,54,33,89,109,35,42,90,108,55,93,44,104,24,65,84,16,39,85,1,73,81,37,12,62,71,4,34,107,92,11,74,101,50,94,48,87,68,82,110,105,29,60,20,80,-1,41,-1,-1,10,26,17,-1,-1,43,79,25,-1,-1,-1,-1,-1,-1,-1,-1,-1,38,-1,-1,-1,-1,-1,-1,-1,-1,-1,-1,58,,,,,,,
78,70,32,23,79,41,72,42,97,17,4,77,55,60,105,65,64,98,22,59,108,28,75,92,48,18,25,1,50,100,3,46,40,104,71,44,73,110,84,61,85,30,47,82,76,19,10,86,90,67,21,53,37,35,15,91,89,38,8,80,5,51,13,16,68,63,66,81,14,49,34,31,33,83,69,74,27,96,39,99,43,6,12,107,52,29,62,2,54,94,95,56,103,9,101,88,57,11,109,-1,-1,102,-1,106,-1,-1,-1,7,-1,45,-1,-1,87,-1,24,-1,-1,26,20,-1,93,-1,-1,-1,-1,-1,-1,-1,-1,-1,-1,-1,-1,-1,36,58,,,,,
49,89,33,76,90,11,108,100,99,37,25,16,45,46,9,74,86,72,18,27,84,42,106,78,55,21,67,34,94,77,24,57,73,40,110,61,71,29,5,1,30,47,31,91,63,6,15,81,83,97,41,64,60,105,8,103,79,35,50,51,101,17,7,10,12,14,26,68,48,38,66,109,85,53,43,52,32,44,59,56,20,62,54,75,95,104,65,3,36,107,82,13,70,88,69,28,23,4,102,92,93,96,-1,87,-1,-1,98,22,19,58,-1,2,-1,-1,80,-1,-1,-1,-1,-1,-1,-1,-1,39,,,,,,,,,,,,,,,,,
89,100,99,46,33,88,83,110,18,4,23,38,76,45,27,106,11,74,103,41,57,21,15,85,61,94,34,48,78,29,63,9,62,16,72,55,65,70,24,104,40,31,75,1,42,91,3,5,71,6,14,79,47,84,56,30,105,73,19,50,22,97,35,81,8,80,51,54,67,60,13,17,101,10,25,49,37,109,7,86,32,64,43,102,90,59,52,95,12,36,107,108,77,66,28,26,92,39,87,69,82,68,44,-1,96,58,-1,98,-1,-1,-1,20,-1,53,-1,-1,-1,-1,93,2,,,,,,,,,,,,,,,,,,,,,
36,108,89,78,23,70,79,17,11,110,32,61,72,87,62,41,103,10,27,84,18,105,74,88,59,55,12,15,22,42,14,93,28,49,54,71,44,40,47,31,4,25,50,5,98,1,19,30,53,77,6,91,63,37,106,65,90,13,100,97,75,83,68,46,101,81,7,3,60,9,24,34,66,35,109,85,33,48,102,21,64,43,20,56,76,80,58,73,16,8,67,96,39,52,104,99,107,26,69,29,45,38,94,51,95,86,57,-1,-1,82,-1,-1,-1,-1,-1,-1,-1,2,-1,-1,-1,92,,,,,,,,,,,,,,,,,,,
45,74,104,10,36,15,17,67,66,101,95,31,11,29,32,4,77,37,100,49,96,7,71,86,103,92,84,89,16,69,105,94,108,26,21,109,57,34,39,68,2,73,80,65,5,23,52,88,24,75,99,106,43,20,53,3,25,107,98,41,90,58,9,19,40,59,33,91,83,97,46,102,51,8,93,27,70,38,60,18,78,48,76,79,110,47,35,87,63,30,55,6,12,1,54,13,64,62,72,82,44,50,28,42,56,-1,-1,85,22,81,-1,-1,-1,-1,-1,-1,14,-1,-1,61,,,,,,,,,,,,,,,,,,,,,
50,91,88,34,44,100,89,108,81,12,99,59,64,27,47,76,82,107,72,25,56,11,57,68,92,33,16,74,4,101,65,3,75,62,14,19,48,24,29,54,49,60,71,41,52,104,9,40,73,93,31,46,110,1,6,79,85,30,83,55,35,37,87,96,18,105,23,78,8,51,20,70,13,102,7,10,26,39,67,17,80,42,109,32,69,43,103,22,61,66,15,77,63,5,98,106,45,84,21,53,2,97,38,86,58,28,90,-1,-1,-1,-1,-1,36,-1,-1,-1,94,-1,-1,-1,-1,-1,-1,-1,-1,-1,-1,95,,,,,,,,,,,,,
60,97,2,21,58,64,16,34,102,6,93,98,4,49,28,12,37,33,32,86,44,47,80,13,45,1,8,101,99,20,11,109,68,63,84,95,38,103,106,69,27,96,108,83,59,10,57,82,23,22,5,25,88,66,54,87,42,19,26,107,62,78,90,89,17,41,48,67,71,55,91,105,81,77,76,9,35,56,31,92,72,18,50,46,104,74,85,100,7,3,73,94,65,79,51,43,70,75,39,15,52,110,36,61,24,30,14,-1,-1,-1,29,-1,53,40,,,,,,,,,,,,,,,,,,,,,,,,,,,
33,77,11,99,88,18,38,4,46,83,65,23,44,103,72,9,73,106,75,85,16,76,41,57,28,81,21,55,100,15,29,108,61,34,52,67,3,63,25,50,42,70,94,48,91,60,40,71,47,110,89,98,6,30,84,19,5,104,105,31,14,53,82,35,90,56,80,49,1,8,22,51,79,74,64,17,62,12,78,54,13,68,7,24,101,10,66,109,86,32,43,69,45,59,95,37,97,107,27,26,96,87,-1,-1,92,-1,39,-1,-1,-1,-1,-1,-1,-1,20,93,2,102,-1,-1,-1,-1,-1,-1,-1,-1,-1,-1,36,-1,-1,-1,-1,-1,58,,,,,,
108,38,75,4,83,49,18,46,61,89,62,99,65,23,64,16,45,28,76,9,85,106,73,55,12,74,57,80,21,67,77,110,15,14,34,94,29,3,54,48,63,50,33,100,24,70,104,91,42,47,88,1,41,5,82,31,6,97,40,11,84,30,56,78,19,35,60,90,22,79,52,81,8,13,53,68,17,101,25,71,37,51,66,72,86,20,59,102,98,109,27,10,2,103,96,105,87,69,44,7,92,39,93,58,-1,26,32,95,-1,43,36,107,,,,,,,,,,,,,,,,,,,,,,,,,,,,,
65,83,69,79,109,47,110,96,17,32,75,11,35,22,66,18,10,85,28,71,55,6,77,98,78,103,42,91,102,60,23,15,89,3,38,27,49,59,63,26,50,41,52,73,40,68,1,44,105,72,46,5,29,87,74,56,53,39,81,12,51,13,61,100,34,64,9,30,93,108,70,33,43,21,101,45,84,97,99,16,76,14,106,37,57,107,2,25,31,95,36,90,4,86,94,92,-1,-1,88,48,62,104,54,82,19,8,67,-1,-1,80,7,-1,-1,-1,-1,-1,24,-1,-1,-1,-1,58,20,,,,,,,,,,,,,,,,,,
70,87,66,41,77,39,57,1,96,5,16,55,27,102,45,50,13,78,91,54,61,3,9,6,7,29,73,68,107,75,37,63,8,19,94,25,81,21,104,53,72,80,4,17,14,62,2,22,43,92,84,44,100,86,38,95,106,99,36,33,48,65,15,88,69,76,30,98,90,56,103,58,34,24,67,42,10,93,97,46,85,47,83,51,79,110,28,108,60,31,18,49,35,89,59,40,74,23,71,12,109,64,11,101,-1,52,-1,20,-1,-1,-1,-1,105,-1,32,-1,-1,82,26,,,,,,,,,,,,,,,,,,,,,,
73,93,5,69,60,54,3,18,40,9,14,39,63,1,2,102,74,13,30,12,46,51,32,29,8,7,98,53,34,65,61,75,55,89,105,6,109,90,79,42,45,84,86,99,28,57,22,97,101,41,62,82,48,107,66,71,70,64,17,92,50,38,43,56,87,23,91,52,21,103,96,67,31,15,94,77,58,10,106,104,25,27,35,85,68,83,36,11,4,49,88,33,47,95,76,78,108,110,26,81,19,72,100,37,44,59,16,80,20,24,,,,,,,,,,,,,,,,,,,,,,,,,,,,,,,
47,71,9,16,13,37,49,29,86,7,60,51,69,107,3,54,6,73,31,90,78,66,63,39,32,25,62,20,77,82,95,2,97,101,108,43,74,8,67,102,98,109,14,22,53,85,48,94,45,64,72,70,36,17,61,52,104,93,12,40,87,44,96,34,76,91,84,42,99,81,57,28,56,11,4,75,30,58,105,33,1,26,5,106,65,88,41,55,19,100,103,15,83,24,80,68,10,50,92,35,46,89,79,27,59,18,23,21,-1,-1,-1,38,-1,-1,-1,-1,-1,-1,-1,-1,-1,-1,-1,-1,-1,-1,-1,-1,110,,,,,,,,,,,,
43,11,4,32,68,76,101,28,33,59,47,48,93,34,80,45,91,104,86,1,21,96,60,49,2,84,109,67,64,72,98,20,95,35,103,8,106,102,38,65,58,69,18,16,10,97,50,56,82,5,24,12,83,23,55,88,19,37,90,105,99,26,108,57,41,78,107,89,70,17,71,62,42,27,54,44,29,73,63,31,3,100,15,87,74,66,6,85,13,77,46,7,52,51,75,9,94,36,61,-1,-1,25,-1,-1,81,22,40,30,-1,53,14,-1,-1,-1,-1,-1,-1,79,-1,-1,39,-1,-1,-1,92,110,,,,,,,,,,,,,,,
110,34,51,44,91,59,92,107,12,99,100,81,37,64,88,63,15,47,25,76,9,82,108,72,56,43,11,57,68,14,96,29,33,48,65,60,41,75,52,71,1,16,104,62,3,46,89,73,79,101,54,6,93,31,30,85,83,55,18,35,86,66,49,105,23,17,78,40,27,50,74,8,21,84,70,67,7,103,77,39,4,13,32,109,26,69,24,5,42,102,61,19,98,2,106,20,22,97,38,80,10,28,87,45,90,53,94,-1,-1,-1,-1,-1,-1,-1,-1,-1,-1,-1,-1,-1,-1,-1,-1,-1,36,95,58,,,,,,,,,,,,,,
58,96,16,18,1,86,10,53,56,66,63,4,84,104,44,77,94,109,92,8,103,33,31,20,34,68,48,99,35,2,90,19,106,38,64,75,98,100,11,101,65,79,3,97,74,12,67,95,59,49,37,71,13,70,25,60,54,21,62,52,69,46,26,41,15,27,43,28,80,73,89,107,47,108,23,57,87,88,5,6,55,105,17,42,32,82,91,72,30,45,93,76,9,22,78,81,7,24,51,50,-1,40,83,85,29,14,-1,-1,102,61,-1,-1,-1,-1,39,-1,-1,36,-1,-1,-1,110,,,,,,,,,,,,,,,,,,,
3,46,13,55,9,51,6,75,15,68,37,57,40,63,1,27,99,102,45,107,62,2,28,8,30,5,88,97,95,79,70,53,86,7,73,31,18,96,22,98,101,64,91,42,78,74,23,35,48,76,59,49,69,109,21,61,81,14,4,108,19,92,34,106,56,104,44,66,25,84,94,89,65,16,12,71,39,54,85,72,103,82,77,52,36,11,33,105,90,67,50,100,26,87,47,83,80,93,29,60,41,10,110,24,17,32,43,-1,-1,-1,-1,-1,20,-1,-1,-1,-1,38,-1,-1,-1,-1,-1,-1,-1,-1,-1,-1,58,,,,,,,,,,,,
86,66,65,3,10,1,74,36,75,104,54,94,34,67,101,29,31,17,77,55,92,45,96,4,100,6,37,33,47,13,46,103,12,84,7,89,69,15,2,16,95,48,11,63,109,72,39,26,78,19,98,52,71,21,97,108,68,50,57,81,59,99,22,20,60,5,27,64,53,23,25,90,88,43,87,62,56,18,80,40,106,107,73,83,58,9,42,30,91,70,105,44,85,32,102,51,82,8,49,76,38,35,-1,-1,110,79,41,61,28,14,-1,-1,24,-1,93,,,,,,,,,,,,,,,,,,,,,,,,,,
82,72,43,38,28,23,29,81,85,106,94,65,100,89,108,61,18,62,55,64,98,75,14,34,46,3,9,70,57,73,76,50,25,99,60,77,15,1,33,103,5,42,63,54,41,110,88,16,12,91,40,47,31,83,11,78,35,6,48,49,21,52,67,22,79,84,13,74,17,36,8,30,24,71,56,104,90,53,51,105,10,101,86,4,66,95,109,59,69,20,37,97,44,27,26,19,68,2,7,96,39,93,80,-1,32,45,-1,107,92,87,-1,-1,58,102,,,,,,,,,,,,,,,,,,,,,,,,,,,
107,19,94,52,75,43,95,63,87,38,50,24,79,78,83,8,93,57,73,58,42,4,56,65,80,110,99,28,18,17,27,66,3,46,23,70,1,44,102,51,91,37,6,47,33,31,100,7,30,85,55,101,34,98,22,20,77,81,9,25,11,5,10,13,109,26,14,41,49,35,67,60,48,68,84,40,76,74,53,45,88,21,64,12,15,72,108,54,62,71,104,103,90,106,16,97,96,86,89,105,69,82,92,59,-1,-1,-1,32,29,39,-1,-1,-1,-1,-1,-1,61,-1,-1,-1,2,-1,-1,-1,-1,-1,-1,-1,-1,36,,,,,,,,,,,
